-- ==========================================================
-- SCRIPT DE CARGA SEMILLA GENERADO AUTOMATICAMENTE
-- Destino: SQL Server (Base de Datos: SIGD_Central)
-- ==========================================================
USE [SIGD_Central];
GO

PRINT 'Iniciando limpieza de datos previos...';

-- Deshabilitar temporalmente restricciones de llaves foráneas para evitar errores
EXEC sp_MSforeachtable "ALTER TABLE ? NOCHECK CONSTRAINT all";

-- Desactivar triggers de borrado lógico (INSTEAD OF DELETE) para permitir la limpieza física
DISABLE TRIGGER [dbo].[TRG_SoftDelete_Documento] ON [dbo].[Documento];
DISABLE TRIGGER [dbo].[TRG_SoftDelete_Documento_Version] ON [dbo].[Documento_Version];
DISABLE TRIGGER [dbo].[TRG_SoftDelete_Usuario] ON [dbo].[Usuario];
DISABLE TRIGGER [dbo].[TRG_SoftDelete_Departamento] ON [dbo].[Departamento];
DISABLE TRIGGER [dbo].[TRG_SoftDelete_TipoDocumento] ON [dbo].[TipoDocumento];
DISABLE TRIGGER [dbo].[TRG_SoftDelete_Usuario_Rol] ON [dbo].[Usuario_Rol];

-- Limpieza de tablas log/bitácora
DELETE FROM [dbo].[BitacoraAcceso];
DELETE FROM [dbo].[BitacoraControlDocumento];
DELETE FROM [dbo].[BitacoraTransaccional];

-- Limpieza de tablas de negocio
DELETE FROM [dbo].[Documento_Version] WHERE [IdDocumento] >= 101;
DELETE FROM [dbo].[Documento] WHERE [Id] >= 101;
DELETE FROM [dbo].[Usuario_Rol];
DELETE FROM [dbo].[Usuario] WHERE [Id] > 1;
DELETE FROM [dbo].[Departamento] WHERE [Id] > 1;
DELETE FROM [dbo].[TipoDocumento] WHERE [Id] >= 1;

PRINT 'Limpieza física completada.';

-- Reactivar triggers de borrado lógico
ENABLE TRIGGER [dbo].[TRG_SoftDelete_Documento] ON [dbo].[Documento];
ENABLE TRIGGER [dbo].[TRG_SoftDelete_Documento_Version] ON [dbo].[Documento_Version];
ENABLE TRIGGER [dbo].[TRG_SoftDelete_Usuario] ON [dbo].[Usuario];
ENABLE TRIGGER [dbo].[TRG_SoftDelete_Departamento] ON [dbo].[Departamento];
ENABLE TRIGGER [dbo].[TRG_SoftDelete_TipoDocumento] ON [dbo].[TipoDocumento];
ENABLE TRIGGER [dbo].[TRG_SoftDelete_Usuario_Rol] ON [dbo].[Usuario_Rol];

-- 1. Insertar Departamentos
PRINT 'Insertando departamentos...';
SET IDENTITY_INSERT [dbo].[Departamento] ON;
INSERT INTO [dbo].[Departamento] (Id, Nombre, Abreviatura, Estatus, FechaCreacion, IdUsuarioCreacion, IdEmpresa) VALUES
(2, 'Recursos Humanos', 'RH', 1, GETDATE(), 1, (SELECT Id FROM [dbo].[Empresa] WHERE Slug = 'techcorp')),
(3, 'Producción', 'PRD', 1, GETDATE(), 1, (SELECT Id FROM [dbo].[Empresa] WHERE Slug = 'grupoinnovar')),
(4, 'Calidad', 'CAL', 1, GETDATE(), 1, (SELECT Id FROM [dbo].[Empresa] WHERE Slug = 'techcorp')),
(5, 'Mantenimiento', 'MNT', 1, GETDATE(), 1, (SELECT Id FROM [dbo].[Empresa] WHERE Slug = 'grupoinnovar')),
(6, 'Sistemas e Informática', 'TI', 1, GETDATE(), 1, (SELECT Id FROM [dbo].[Empresa] WHERE Slug = 'techcorp'));
SET IDENTITY_INSERT [dbo].[Departamento] OFF;

-- 2. Insertar Tipos de Documento
PRINT 'Insertando tipos de documentos...';
SET IDENTITY_INSERT [dbo].[TipoDocumento] ON;
INSERT INTO [dbo].[TipoDocumento] (Id, Nombre, Abreviatura, TiempoRetencionMeses, Estatus, FechaCreacion, IdUsuarioCreacion, IdEmpresa) VALUES
(1, 'Procedimiento', 'PROC', 12, 1, GETDATE(), 1, (SELECT Id FROM [dbo].[Empresa] WHERE Slug = 'techcorp')),
(2, 'Manual', 'MAN', 12, 1, GETDATE(), 1, (SELECT Id FROM [dbo].[Empresa] WHERE Slug = 'techcorp')),
(3, 'Formato', 'FMT', 12, 1, GETDATE(), 1, (SELECT Id FROM [dbo].[Empresa] WHERE Slug = 'techcorp')),
(4, 'Instructivo', 'INS', 12, 1, GETDATE(), 1, (SELECT Id FROM [dbo].[Empresa] WHERE Slug = 'grupoinnovar')),
(5, 'Política', 'POL', 12, 1, GETDATE(), 1, (SELECT Id FROM [dbo].[Empresa] WHERE Slug = 'techcorp')),
(6, 'Especificación', 'ESP', 12, 1, GETDATE(), 1, (SELECT Id FROM [dbo].[Empresa] WHERE Slug = 'grupoinnovar')),
(7, 'Registro', 'REG', 12, 1, GETDATE(), 1, (SELECT Id FROM [dbo].[Empresa] WHERE Slug = 'grupoinnovar'));
SET IDENTITY_INSERT [dbo].[TipoDocumento] OFF;

-- 3. Insertar Usuarios (IDs del 2 al 15)
PRINT 'Insertando usuarios demo...';
SET IDENTITY_INSERT [dbo].[Usuario] ON;
INSERT INTO [dbo].[Usuario] (Id, IdDepartamento, Nombre, ApellidoP, ApellidoM, Correo, Contrasena, Estatus, FechaCreacion, IdUsuarioCreacion, IdEmpresa) VALUES
(2, 2, 'María', 'García', 'SIGD', 'maria.garcia@sigd.local', CONVERT(VARCHAR(255), HASHBYTES('SHA2_256', N'Admin@SIGD2026!'), 2), 1, GETDATE(), 1, (SELECT Id FROM [dbo].[Empresa] WHERE Slug = 'techcorp')),
(3, 3, 'Carlos', 'Ramírez', 'SIGD', 'carlos.ramirez@sigd.local', CONVERT(VARCHAR(255), HASHBYTES('SHA2_256', N'Admin@SIGD2026!'), 2), 1, GETDATE(), 1, (SELECT Id FROM [dbo].[Empresa] WHERE Slug = 'grupoinnovar')),
(4, 4, 'Ana', 'Martínez', 'SIGD', 'ana.martinez@sigd.local', CONVERT(VARCHAR(255), HASHBYTES('SHA2_256', N'Admin@SIGD2026!'), 2), 1, GETDATE(), 1, (SELECT Id FROM [dbo].[Empresa] WHERE Slug = 'techcorp')),
(5, 5, 'Jorge', 'López', 'SIGD', 'jorge.lopez@sigd.local', CONVERT(VARCHAR(255), HASHBYTES('SHA2_256', N'Admin@SIGD2026!'), 2), 1, GETDATE(), 1, (SELECT Id FROM [dbo].[Empresa] WHERE Slug = 'grupoinnovar')),
(6, 6, 'Laura', 'Hernández', 'SIGD', 'laura.hernandez@sigd.local', CONVERT(VARCHAR(255), HASHBYTES('SHA2_256', N'Admin@SIGD2026!'), 2), 1, GETDATE(), 1, (SELECT Id FROM [dbo].[Empresa] WHERE Slug = 'techcorp')),
(7, 4, 'Marcos', 'de León', 'Tapia', 'marcos.deleon@sigd.local', CONVERT(VARCHAR(255), HASHBYTES('SHA2_256', N'Admin@SIGD2026!'), 2), 1, GETDATE(), 1, (SELECT Id FROM [dbo].[Empresa] WHERE Slug = 'techcorp')),
(8, 3, 'Aurelio', 'Uribe', 'Santos', 'aurelio.uribe@sigd.local', CONVERT(VARCHAR(255), HASHBYTES('SHA2_256', N'Admin@SIGD2026!'), 2), 1, GETDATE(), 1, (SELECT Id FROM [dbo].[Empresa] WHERE Slug = 'grupoinnovar')),
(9, 2, 'Emilio', 'Ybarra', 'Ruiz', 'emilio.ybarra@sigd.local', CONVERT(VARCHAR(255), HASHBYTES('SHA2_256', N'Admin@SIGD2026!'), 2), 1, GETDATE(), 1, (SELECT Id FROM [dbo].[Empresa] WHERE Slug = 'techcorp')),
(10, 5, 'Felix', 'Palomo', 'Valencia', 'felix.palomo@sigd.local', CONVERT(VARCHAR(255), HASHBYTES('SHA2_256', N'Admin@SIGD2026!'), 2), 1, GETDATE(), 1, (SELECT Id FROM [dbo].[Empresa] WHERE Slug = 'grupoinnovar')),
(11, 7, 'Ana', 'García', 'Martínez', 'admin.tech@techcorp.local', CONVERT(VARCHAR(255), HASHBYTES('SHA2_256', N'Admin@Tech2026!'), 2), 1, GETDATE(), 1, (SELECT Id FROM [dbo].[Empresa] WHERE Slug = 'techcorp')),
(12, 8, 'Carlos', 'López', 'Hernández', 'admin@grupoinnovar.local', CONVERT(VARCHAR(255), HASHBYTES('SHA2_256', N'Admin@Innov2026!'), 2), 1, GETDATE(), 1, (SELECT Id FROM [dbo].[Empresa] WHERE Slug = 'grupoinnovar')),
(13, 1, 'Admin', 'Demo', 'SIGD', 'admin.demo@sigd.local', CONVERT(VARCHAR(255), HASHBYTES('SHA2_256', N'Admin@SIGD2026!'), 2), 1, GETDATE(), 1, (SELECT Id FROM [dbo].[Empresa] WHERE Slug = 'demo')),
(14, 1, 'Usuario', 'Demo', 'SIGD', 'user.demo@sigd.local', CONVERT(VARCHAR(255), HASHBYTES('SHA2_256', N'Admin@SIGD2026!'), 2), 1, GETDATE(), 1, (SELECT Id FROM [dbo].[Empresa] WHERE Slug = 'demo')),
(15, 1, 'Auditor', 'Demo', 'SIGD', 'auditor.demo@sigd.local', CONVERT(VARCHAR(255), HASHBYTES('SHA2_256', N'Admin@SIGD2026!'), 2), 1, GETDATE(), 1, (SELECT Id FROM [dbo].[Empresa] WHERE Slug = 'demo'));
SET IDENTITY_INSERT [dbo].[Usuario] OFF;

-- 4. Asignar roles (Id=1 es Super Administrador, Id=2 es Administrador, Id=3 es Usuario, Id=4 es Auditor)
PRINT 'Asignando roles...';
SET IDENTITY_INSERT [dbo].[Usuario_Rol] ON;
INSERT INTO [dbo].[Usuario_Rol] (Id, IdUsuario, IdRol, FechaAsignacion, Estatus, IdUsuarioCreacion) VALUES
(1, 1, 1, GETDATE(), 1, 1),
(2, 2, 3, GETDATE(), 1, 1),
(3, 3, 3, GETDATE(), 1, 1),
(4, 4, 3, GETDATE(), 1, 1),
(5, 5, 3, GETDATE(), 1, 1),
(6, 6, 4, GETDATE(), 1, 1),
(7, 7, 3, GETDATE(), 1, 1),
(8, 8, 3, GETDATE(), 1, 1),
(9, 9, 3, GETDATE(), 1, 1),
(10, 10, 4, GETDATE(), 1, 1),
(11, 11, 2, GETDATE(), 1, 1),
(12, 12, 2, GETDATE(), 1, 1),
(13, 13, 2, GETDATE(), 1, 1),
(14, 14, 3, GETDATE(), 1, 1),
(15, 15, 4, GETDATE(), 1, 1);
SET IDENTITY_INSERT [dbo].[Usuario_Rol] OFF;

PRINT 'Insertando documentos de mongodb_seed_data.json...';
SET IDENTITY_INSERT [dbo].[Documento] ON;
INSERT INTO [dbo].[Documento] (Id, CodigoInterno, Titulo, IdDepartamento, EstadoActual, IdUsuarioPropietario, FechaCreacion, Estatus, IdUsuarioCreacion, IdTipoDocumento, IdEmpresa) VALUES (101, 'PRO-CAL-001', N'Sabía Incluso Tenían', 4, 'Vigente', 7, '2026-05-25 14:19:47', 1, 7, 1, (SELECT Id FROM [dbo].[Empresa] WHERE Slug = 'techcorp'));
INSERT INTO [dbo].[Documento] (Id, CodigoInterno, Titulo, IdDepartamento, EstadoActual, IdUsuarioPropietario, FechaCreacion, Estatus, IdUsuarioCreacion, IdTipoDocumento, IdEmpresa) VALUES (102, 'PRO-PROD-002', N'Familia Su Juez', 3, 'Vigente', 2, '2026-05-25 14:19:47', 1, 2, 1, (SELECT Id FROM [dbo].[Empresa] WHERE Slug = 'grupoinnovar'));
INSERT INTO [dbo].[Documento] (Id, CodigoInterno, Titulo, IdDepartamento, EstadoActual, IdUsuarioPropietario, FechaCreacion, Estatus, IdUsuarioCreacion, IdTipoDocumento, IdEmpresa) VALUES (103, 'PRO-PROD-003', N'Media Llega Producción', 3, 'Vigente', 6, '2026-05-25 14:19:47', 1, 6, 1, (SELECT Id FROM [dbo].[Empresa] WHERE Slug = 'grupoinnovar'));
INSERT INTO [dbo].[Documento] (Id, CodigoInterno, Titulo, IdDepartamento, EstadoActual, IdUsuarioPropietario, FechaCreacion, Estatus, IdUsuarioCreacion, IdTipoDocumento, IdEmpresa) VALUES (104, 'PRO-CAL-004', N'Cambios Tener Son Incluso', 4, 'Vigente', 3, '2026-05-25 14:19:47', 1, 3, 1, (SELECT Id FROM [dbo].[Empresa] WHERE Slug = 'techcorp'));
INSERT INTO [dbo].[Documento] (Id, CodigoInterno, Titulo, IdDepartamento, EstadoActual, IdUsuarioPropietario, FechaCreacion, Estatus, IdUsuarioCreacion, IdTipoDocumento, IdEmpresa) VALUES (105, 'PRO-PROD-005', N'Justicia Decir Servicio Calidad Pp', 3, 'Vigente', 3, '2026-05-25 14:19:47', 0, 3, 1, (SELECT Id FROM [dbo].[Empresa] WHERE Slug = 'grupoinnovar'));
INSERT INTO [dbo].[Documento] (Id, CodigoInterno, Titulo, IdDepartamento, EstadoActual, IdUsuarioPropietario, FechaCreacion, Estatus, IdUsuarioCreacion, IdTipoDocumento, IdEmpresa) VALUES (106, 'PRO-RH-006', N'Saber Niños Especialmente Expresión Instituciones', 2, 'Vigente', 9, '2026-05-25 14:19:47', 1, 9, 1, (SELECT Id FROM [dbo].[Empresa] WHERE Slug = 'techcorp'));
INSERT INTO [dbo].[Documento] (Id, CodigoInterno, Titulo, IdDepartamento, EstadoActual, IdUsuarioPropietario, FechaCreacion, Estatus, IdUsuarioCreacion, IdTipoDocumento, IdEmpresa) VALUES (107, 'PRO-MANT-007', N'Unidad Poder Razón Su Especialmente Largo', 5, 'Vigente', 7, '2026-05-25 14:19:47', 0, 7, 1, (SELECT Id FROM [dbo].[Empresa] WHERE Slug = 'grupoinnovar'));
INSERT INTO [dbo].[Documento] (Id, CodigoInterno, Titulo, IdDepartamento, EstadoActual, IdUsuarioPropietario, FechaCreacion, Estatus, IdUsuarioCreacion, IdTipoDocumento, IdEmpresa) VALUES (108, 'PRO-CAL-008', N'Buscar Carácter Decir Cuerpo', 4, 'Vigente', 10, '2026-05-25 14:19:47', 1, 10, 1, (SELECT Id FROM [dbo].[Empresa] WHERE Slug = 'techcorp'));
INSERT INTO [dbo].[Documento] (Id, CodigoInterno, Titulo, IdDepartamento, EstadoActual, IdUsuarioPropietario, FechaCreacion, Estatus, IdUsuarioCreacion, IdTipoDocumento, IdEmpresa) VALUES (109, 'PRO-CAL-009', N'Sentido Diversas Sólo Lo Electoral Tomar', 4, 'Vigente', 3, '2026-05-25 14:19:47', 1, 3, 1, (SELECT Id FROM [dbo].[Empresa] WHERE Slug = 'techcorp'));
INSERT INTO [dbo].[Documento] (Id, CodigoInterno, Titulo, IdDepartamento, EstadoActual, IdUsuarioPropietario, FechaCreacion, Estatus, IdUsuarioCreacion, IdTipoDocumento, IdEmpresa) VALUES (110, 'PRO-CAL-010', N'Finalmente Etapa Época Hacia Humanos Asociación', 4, 'Vigente', 10, '2026-05-25 14:19:47', 1, 10, 1, (SELECT Id FROM [dbo].[Empresa] WHERE Slug = 'techcorp'));
INSERT INTO [dbo].[Documento] (Id, CodigoInterno, Titulo, IdDepartamento, EstadoActual, IdUsuarioPropietario, FechaCreacion, Estatus, IdUsuarioCreacion, IdTipoDocumento, IdEmpresa) VALUES (111, 'PRO-PROD-011', N'Ciudad Buscar Manos Único Artículo Vista', 3, 'Vigente', 8, '2026-05-25 14:19:47', 0, 8, 1, (SELECT Id FROM [dbo].[Empresa] WHERE Slug = 'grupoinnovar'));
INSERT INTO [dbo].[Documento] (Id, CodigoInterno, Titulo, IdDepartamento, EstadoActual, IdUsuarioPropietario, FechaCreacion, Estatus, IdUsuarioCreacion, IdTipoDocumento, IdEmpresa) VALUES (112, 'PRO-CAL-012', N'Amigos Menor Tienen', 4, 'Vigente', 3, '2026-05-25 14:19:47', 0, 3, 1, (SELECT Id FROM [dbo].[Empresa] WHERE Slug = 'techcorp'));
INSERT INTO [dbo].[Documento] (Id, CodigoInterno, Titulo, IdDepartamento, EstadoActual, IdUsuarioPropietario, FechaCreacion, Estatus, IdUsuarioCreacion, IdTipoDocumento, IdEmpresa) VALUES (113, 'PRO-RH-013', N'Comisión Trabajo Cualquier Unos Poco', 2, 'Vigente', 4, '2026-05-25 14:19:47', 1, 4, 1, (SELECT Id FROM [dbo].[Empresa] WHERE Slug = 'techcorp'));
INSERT INTO [dbo].[Documento] (Id, CodigoInterno, Titulo, IdDepartamento, EstadoActual, IdUsuarioPropietario, FechaCreacion, Estatus, IdUsuarioCreacion, IdTipoDocumento, IdEmpresa) VALUES (114, 'PRO-CAL-014', N'Frente Importante Modo En Nuestras', 4, 'Vigente', 8, '2026-05-25 14:19:47', 0, 8, 1, (SELECT Id FROM [dbo].[Empresa] WHERE Slug = 'techcorp'));
INSERT INTO [dbo].[Documento] (Id, CodigoInterno, Titulo, IdDepartamento, EstadoActual, IdUsuarioPropietario, FechaCreacion, Estatus, IdUsuarioCreacion, IdTipoDocumento, IdEmpresa) VALUES (115, 'PRO-PROD-015', N'Campaña Político Nunca', 3, 'Vigente', 4, '2026-05-25 14:19:47', 1, 4, 1, (SELECT Id FROM [dbo].[Empresa] WHERE Slug = 'grupoinnovar'));
INSERT INTO [dbo].[Documento] (Id, CodigoInterno, Titulo, IdDepartamento, EstadoActual, IdUsuarioPropietario, FechaCreacion, Estatus, IdUsuarioCreacion, IdTipoDocumento, IdEmpresa) VALUES (116, 'PRO-PROD-016', N'Sociales Necesario Fútbol Paz Vista Zona', 3, 'Vigente', 9, '2026-05-25 14:19:47', 0, 9, 1, (SELECT Id FROM [dbo].[Empresa] WHERE Slug = 'grupoinnovar'));
INSERT INTO [dbo].[Documento] (Id, CodigoInterno, Titulo, IdDepartamento, EstadoActual, IdUsuarioPropietario, FechaCreacion, Estatus, IdUsuarioCreacion, IdTipoDocumento, IdEmpresa) VALUES (117, 'PRO-MANT-017', N'Saber Autor Resultado Don', 5, 'Vigente', 2, '2026-05-25 14:19:47', 0, 2, 1, (SELECT Id FROM [dbo].[Empresa] WHERE Slug = 'grupoinnovar'));
INSERT INTO [dbo].[Documento] (Id, CodigoInterno, Titulo, IdDepartamento, EstadoActual, IdUsuarioPropietario, FechaCreacion, Estatus, IdUsuarioCreacion, IdTipoDocumento, IdEmpresa) VALUES (118, 'PRO-RH-018', N'Hijos Producto Claro Mayor', 2, 'Vigente', 2, '2026-05-25 14:19:47', 1, 2, 1, (SELECT Id FROM [dbo].[Empresa] WHERE Slug = 'techcorp'));
INSERT INTO [dbo].[Documento] (Id, CodigoInterno, Titulo, IdDepartamento, EstadoActual, IdUsuarioPropietario, FechaCreacion, Estatus, IdUsuarioCreacion, IdTipoDocumento, IdEmpresa) VALUES (119, 'PRO-RH-019', N'Ambiente Asimismo Las Actividades Dolor Dar', 2, 'Vigente', 7, '2026-05-25 14:19:47', 0, 7, 1, (SELECT Id FROM [dbo].[Empresa] WHERE Slug = 'techcorp'));
INSERT INTO [dbo].[Documento] (Id, CodigoInterno, Titulo, IdDepartamento, EstadoActual, IdUsuarioPropietario, FechaCreacion, Estatus, IdUsuarioCreacion, IdTipoDocumento, IdEmpresa) VALUES (120, 'PRO-PROD-020', N'Boca Hora Militares Mañana Diferencia', 3, 'Vigente', 9, '2026-05-25 14:19:47', 1, 9, 1, (SELECT Id FROM [dbo].[Empresa] WHERE Slug = 'grupoinnovar'));
INSERT INTO [dbo].[Documento] (Id, CodigoInterno, Titulo, IdDepartamento, EstadoActual, IdUsuarioPropietario, FechaCreacion, Estatus, IdUsuarioCreacion, IdTipoDocumento, IdEmpresa) VALUES (121, 'PRO-CAL-021', N'Cuba Mañana Parte Hemos Pacientes', 4, 'Vigente', 1, '2026-05-25 14:19:47', 1, 1, 1, (SELECT Id FROM [dbo].[Empresa] WHERE Slug = 'techcorp'));
INSERT INTO [dbo].[Documento] (Id, CodigoInterno, Titulo, IdDepartamento, EstadoActual, IdUsuarioPropietario, FechaCreacion, Estatus, IdUsuarioCreacion, IdTipoDocumento, IdEmpresa) VALUES (122, 'PRO-PROD-022', N'Nuestras Tiempo Informe', 3, 'Vigente', 1, '2026-05-25 14:19:47', 1, 1, 1, (SELECT Id FROM [dbo].[Empresa] WHERE Slug = 'grupoinnovar'));
INSERT INTO [dbo].[Documento] (Id, CodigoInterno, Titulo, IdDepartamento, EstadoActual, IdUsuarioPropietario, FechaCreacion, Estatus, IdUsuarioCreacion, IdTipoDocumento, IdEmpresa) VALUES (123, 'PRO-MANT-023', N'Muy Cuerpo Pregunta Anterior', 5, 'Vigente', 9, '2026-05-25 14:19:47', 1, 9, 1, (SELECT Id FROM [dbo].[Empresa] WHERE Slug = 'grupoinnovar'));
INSERT INTO [dbo].[Documento] (Id, CodigoInterno, Titulo, IdDepartamento, EstadoActual, IdUsuarioPropietario, FechaCreacion, Estatus, IdUsuarioCreacion, IdTipoDocumento, IdEmpresa) VALUES (124, 'PRO-MANT-024', N'Teoría Casi Suelo Iba Derechos', 5, 'Vigente', 4, '2026-05-25 14:19:47', 1, 4, 1, (SELECT Id FROM [dbo].[Empresa] WHERE Slug = 'grupoinnovar'));
INSERT INTO [dbo].[Documento] (Id, CodigoInterno, Titulo, IdDepartamento, EstadoActual, IdUsuarioPropietario, FechaCreacion, Estatus, IdUsuarioCreacion, IdTipoDocumento, IdEmpresa) VALUES (125, 'PRO-MANT-025', N'Desde Forma Acerca', 5, 'Vigente', 7, '2026-05-25 14:19:47', 1, 7, 1, (SELECT Id FROM [dbo].[Empresa] WHERE Slug = 'grupoinnovar'));
INSERT INTO [dbo].[Documento] (Id, CodigoInterno, Titulo, IdDepartamento, EstadoActual, IdUsuarioPropietario, FechaCreacion, Estatus, IdUsuarioCreacion, IdTipoDocumento, IdEmpresa) VALUES (126, 'PRO-MANT-026', N'Actividad Texto Solución Falta Revolución Manera', 5, 'Vigente', 10, '2026-05-25 14:19:47', 1, 10, 1, (SELECT Id FROM [dbo].[Empresa] WHERE Slug = 'grupoinnovar'));
INSERT INTO [dbo].[Documento] (Id, CodigoInterno, Titulo, IdDepartamento, EstadoActual, IdUsuarioPropietario, FechaCreacion, Estatus, IdUsuarioCreacion, IdTipoDocumento, IdEmpresa) VALUES (127, 'PRO-MANT-027', N'Hombres Habrá Campaña Pie', 5, 'Vigente', 7, '2026-05-25 14:19:47', 0, 7, 1, (SELECT Id FROM [dbo].[Empresa] WHERE Slug = 'grupoinnovar'));
INSERT INTO [dbo].[Documento] (Id, CodigoInterno, Titulo, IdDepartamento, EstadoActual, IdUsuarioPropietario, FechaCreacion, Estatus, IdUsuarioCreacion, IdTipoDocumento, IdEmpresa) VALUES (128, 'PRO-RH-028', N'Conocer Estilo Efectos', 2, 'Vigente', 7, '2026-05-25 14:19:47', 1, 7, 1, (SELECT Id FROM [dbo].[Empresa] WHERE Slug = 'techcorp'));
INSERT INTO [dbo].[Documento] (Id, CodigoInterno, Titulo, IdDepartamento, EstadoActual, IdUsuarioPropietario, FechaCreacion, Estatus, IdUsuarioCreacion, IdTipoDocumento, IdEmpresa) VALUES (129, 'PRO-CAL-029', N'Toda Mucha Consumo Poner Dicho', 4, 'Vigente', 7, '2026-05-25 14:19:47', 0, 7, 1, (SELECT Id FROM [dbo].[Empresa] WHERE Slug = 'techcorp'));
INSERT INTO [dbo].[Documento] (Id, CodigoInterno, Titulo, IdDepartamento, EstadoActual, IdUsuarioPropietario, FechaCreacion, Estatus, IdUsuarioCreacion, IdTipoDocumento, IdEmpresa) VALUES (130, 'PRO-MANT-030', N'Trabajadores Destino Psoe Pedro', 5, 'Vigente', 8, '2026-05-25 14:19:47', 0, 8, 1, (SELECT Id FROM [dbo].[Empresa] WHERE Slug = 'grupoinnovar'));
INSERT INTO [dbo].[Documento] (Id, CodigoInterno, Titulo, IdDepartamento, EstadoActual, IdUsuarioPropietario, FechaCreacion, Estatus, IdUsuarioCreacion, IdTipoDocumento, IdEmpresa) VALUES (131, 'PRO-CAL-031', N'Mediante Región Situación Principio Resulta', 4, 'Vigente', 6, '2026-05-25 14:19:47', 1, 6, 1, (SELECT Id FROM [dbo].[Empresa] WHERE Slug = 'techcorp'));
INSERT INTO [dbo].[Documento] (Id, CodigoInterno, Titulo, IdDepartamento, EstadoActual, IdUsuarioPropietario, FechaCreacion, Estatus, IdUsuarioCreacion, IdTipoDocumento, IdEmpresa) VALUES (132, 'PRO-MANT-032', N'Uso Mal Les', 5, 'Vigente', 1, '2026-05-25 14:19:47', 0, 1, 1, (SELECT Id FROM [dbo].[Empresa] WHERE Slug = 'grupoinnovar'));
INSERT INTO [dbo].[Documento] (Id, CodigoInterno, Titulo, IdDepartamento, EstadoActual, IdUsuarioPropietario, FechaCreacion, Estatus, IdUsuarioCreacion, IdTipoDocumento, IdEmpresa) VALUES (133, 'PRO-PROD-033', N'Chile Sol Humano Pasar Uno', 3, 'Vigente', 1, '2026-05-25 14:19:47', 0, 1, 1, (SELECT Id FROM [dbo].[Empresa] WHERE Slug = 'grupoinnovar'));
INSERT INTO [dbo].[Documento] (Id, CodigoInterno, Titulo, IdDepartamento, EstadoActual, IdUsuarioPropietario, FechaCreacion, Estatus, IdUsuarioCreacion, IdTipoDocumento, IdEmpresa) VALUES (134, 'PRO-CAL-034', N'Total Espera Serie', 4, 'Vigente', 1, '2026-05-25 14:19:47', 0, 1, 1, (SELECT Id FROM [dbo].[Empresa] WHERE Slug = 'techcorp'));
INSERT INTO [dbo].[Documento] (Id, CodigoInterno, Titulo, IdDepartamento, EstadoActual, IdUsuarioPropietario, FechaCreacion, Estatus, IdUsuarioCreacion, IdTipoDocumento, IdEmpresa) VALUES (135, 'PRO-MANT-035', N'Cuyo Algún Baja Hospital Grande Nombre', 5, 'Vigente', 3, '2026-05-25 14:19:47', 0, 3, 1, (SELECT Id FROM [dbo].[Empresa] WHERE Slug = 'grupoinnovar'));
INSERT INTO [dbo].[Documento] (Id, CodigoInterno, Titulo, IdDepartamento, EstadoActual, IdUsuarioPropietario, FechaCreacion, Estatus, IdUsuarioCreacion, IdTipoDocumento, IdEmpresa) VALUES (136, 'PRO-MANT-036', N'Primeras Lejos Contra Usted Madre', 5, 'Vigente', 1, '2026-05-25 14:19:47', 1, 1, 1, (SELECT Id FROM [dbo].[Empresa] WHERE Slug = 'grupoinnovar'));
INSERT INTO [dbo].[Documento] (Id, CodigoInterno, Titulo, IdDepartamento, EstadoActual, IdUsuarioPropietario, FechaCreacion, Estatus, IdUsuarioCreacion, IdTipoDocumento, IdEmpresa) VALUES (137, 'PRO-MANT-037', N'Martín Dado Plazo Peor', 5, 'Vigente', 2, '2026-05-25 14:19:47', 1, 2, 1, (SELECT Id FROM [dbo].[Empresa] WHERE Slug = 'grupoinnovar'));
INSERT INTO [dbo].[Documento] (Id, CodigoInterno, Titulo, IdDepartamento, EstadoActual, IdUsuarioPropietario, FechaCreacion, Estatus, IdUsuarioCreacion, IdTipoDocumento, IdEmpresa) VALUES (138, 'PRO-RH-038', N'Debido G Hijo Le', 2, 'Vigente', 8, '2026-05-25 14:19:47', 0, 8, 1, (SELECT Id FROM [dbo].[Empresa] WHERE Slug = 'techcorp'));
INSERT INTO [dbo].[Documento] (Id, CodigoInterno, Titulo, IdDepartamento, EstadoActual, IdUsuarioPropietario, FechaCreacion, Estatus, IdUsuarioCreacion, IdTipoDocumento, IdEmpresa) VALUES (139, 'PRO-PROD-039', N'Otra Sabía Mantener Habla', 3, 'Vigente', 4, '2026-05-25 14:19:47', 0, 4, 1, (SELECT Id FROM [dbo].[Empresa] WHERE Slug = 'grupoinnovar'));
INSERT INTO [dbo].[Documento] (Id, CodigoInterno, Titulo, IdDepartamento, EstadoActual, IdUsuarioPropietario, FechaCreacion, Estatus, IdUsuarioCreacion, IdTipoDocumento, IdEmpresa) VALUES (140, 'PRO-RH-040', N'Permite U Hasta', 2, 'Vigente', 4, '2026-05-25 14:19:47', 1, 4, 1, (SELECT Id FROM [dbo].[Empresa] WHERE Slug = 'techcorp'));
INSERT INTO [dbo].[Documento] (Id, CodigoInterno, Titulo, IdDepartamento, EstadoActual, IdUsuarioPropietario, FechaCreacion, Estatus, IdUsuarioCreacion, IdTipoDocumento, IdEmpresa) VALUES (141, 'PRO-RH-041', N'Productos Esas Debía Puede Pues Objetivo', 2, 'Vigente', 9, '2026-05-25 14:19:47', 1, 9, 1, (SELECT Id FROM [dbo].[Empresa] WHERE Slug = 'techcorp'));
INSERT INTO [dbo].[Documento] (Id, CodigoInterno, Titulo, IdDepartamento, EstadoActual, IdUsuarioPropietario, FechaCreacion, Estatus, IdUsuarioCreacion, IdTipoDocumento, IdEmpresa) VALUES (142, 'PRO-CAL-042', N'Idea Quedó Imágenes Luego Suerte', 4, 'Vigente', 1, '2026-05-25 14:19:47', 1, 1, 1, (SELECT Id FROM [dbo].[Empresa] WHERE Slug = 'techcorp'));
INSERT INTO [dbo].[Documento] (Id, CodigoInterno, Titulo, IdDepartamento, EstadoActual, IdUsuarioPropietario, FechaCreacion, Estatus, IdUsuarioCreacion, IdTipoDocumento, IdEmpresa) VALUES (143, 'PRO-RH-043', N'Español Entonces Cual Análisis Derechos Debido', 2, 'Vigente', 9, '2026-05-25 14:19:47', 1, 9, 1, (SELECT Id FROM [dbo].[Empresa] WHERE Slug = 'techcorp'));
INSERT INTO [dbo].[Documento] (Id, CodigoInterno, Titulo, IdDepartamento, EstadoActual, IdUsuarioPropietario, FechaCreacion, Estatus, IdUsuarioCreacion, IdTipoDocumento, IdEmpresa) VALUES (144, 'PRO-CAL-044', N'Esos Habrá Espacio Ser Mes', 4, 'Vigente', 2, '2026-05-25 14:19:47', 1, 2, 1, (SELECT Id FROM [dbo].[Empresa] WHERE Slug = 'techcorp'));
INSERT INTO [dbo].[Documento] (Id, CodigoInterno, Titulo, IdDepartamento, EstadoActual, IdUsuarioPropietario, FechaCreacion, Estatus, IdUsuarioCreacion, IdTipoDocumento, IdEmpresa) VALUES (145, 'PRO-MANT-045', N'Resultado Ya Muerte', 5, 'Vigente', 3, '2026-05-25 14:19:47', 1, 3, 1, (SELECT Id FROM [dbo].[Empresa] WHERE Slug = 'grupoinnovar'));
INSERT INTO [dbo].[Documento] (Id, CodigoInterno, Titulo, IdDepartamento, EstadoActual, IdUsuarioPropietario, FechaCreacion, Estatus, IdUsuarioCreacion, IdTipoDocumento, IdEmpresa) VALUES (146, 'PRO-RH-046', N'Autor Pasó Torno', 2, 'Vigente', 1, '2026-05-25 14:19:47', 1, 1, 1, (SELECT Id FROM [dbo].[Empresa] WHERE Slug = 'techcorp'));
INSERT INTO [dbo].[Documento] (Id, CodigoInterno, Titulo, IdDepartamento, EstadoActual, IdUsuarioPropietario, FechaCreacion, Estatus, IdUsuarioCreacion, IdTipoDocumento, IdEmpresa) VALUES (147, 'PRO-PROD-047', N'Encima Ambos Etc Defensa', 3, 'Vigente', 1, '2026-05-25 14:19:47', 1, 1, 1, (SELECT Id FROM [dbo].[Empresa] WHERE Slug = 'grupoinnovar'));
INSERT INTO [dbo].[Documento] (Id, CodigoInterno, Titulo, IdDepartamento, EstadoActual, IdUsuarioPropietario, FechaCreacion, Estatus, IdUsuarioCreacion, IdTipoDocumento, IdEmpresa) VALUES (148, 'PRO-CAL-048', N'Posibilidad Proyectos Quiero Fecha Humanos Puerta', 4, 'Vigente', 5, '2026-05-25 14:19:47', 1, 5, 1, (SELECT Id FROM [dbo].[Empresa] WHERE Slug = 'techcorp'));
INSERT INTO [dbo].[Documento] (Id, CodigoInterno, Titulo, IdDepartamento, EstadoActual, IdUsuarioPropietario, FechaCreacion, Estatus, IdUsuarioCreacion, IdTipoDocumento, IdEmpresa) VALUES (149, 'PRO-MANT-049', N'Luz Corazón Ideas Tampoco París Social', 5, 'Vigente', 10, '2026-05-25 14:19:47', 1, 10, 1, (SELECT Id FROM [dbo].[Empresa] WHERE Slug = 'grupoinnovar'));
INSERT INTO [dbo].[Documento] (Id, CodigoInterno, Titulo, IdDepartamento, EstadoActual, IdUsuarioPropietario, FechaCreacion, Estatus, IdUsuarioCreacion, IdTipoDocumento, IdEmpresa) VALUES (150, 'PRO-PROD-050', N'Años Destino Tres Da Gran', 3, 'Vigente', 5, '2026-05-25 14:19:47', 0, 5, 1, (SELECT Id FROM [dbo].[Empresa] WHERE Slug = 'grupoinnovar'));
SET IDENTITY_INSERT [dbo].[Documento] OFF;
PRINT 'Insertando versiones de documentos...';
INSERT INTO [dbo].[Documento_Version] (IdDocumento, NumeroVersion, RutaArchivoFisico, HashDocumento, MotivoCambio, IdUsuarioSube, FechaSubida, IdUsuarioCreacion, FechaCreacion, Estatus, ExtensionArchivo, MimeType, TamanoBytes) VALUES (101, 1, 'gridfs://mock-id-101', 'mock-hash-101', 'Carga inicial de datos de prueba', 7, '2026-05-25 14:19:47', 7, '2026-05-25 14:19:47', 1, '.pdf', 'application/pdf', 102400);
INSERT INTO [dbo].[Documento_Version] (IdDocumento, NumeroVersion, RutaArchivoFisico, HashDocumento, MotivoCambio, IdUsuarioSube, FechaSubida, IdUsuarioCreacion, FechaCreacion, Estatus, ExtensionArchivo, MimeType, TamanoBytes) VALUES (102, 1, 'gridfs://mock-id-102', 'mock-hash-102', 'Carga inicial de datos de prueba', 2, '2026-05-25 14:19:47', 2, '2026-05-25 14:19:47', 1, '.pdf', 'application/pdf', 102400);
INSERT INTO [dbo].[Documento_Version] (IdDocumento, NumeroVersion, RutaArchivoFisico, HashDocumento, MotivoCambio, IdUsuarioSube, FechaSubida, IdUsuarioCreacion, FechaCreacion, Estatus, ExtensionArchivo, MimeType, TamanoBytes) VALUES (103, 1, 'gridfs://mock-id-103', 'mock-hash-103', 'Carga inicial de datos de prueba', 6, '2026-05-25 14:19:47', 6, '2026-05-25 14:19:47', 1, '.pdf', 'application/pdf', 102400);
INSERT INTO [dbo].[Documento_Version] (IdDocumento, NumeroVersion, RutaArchivoFisico, HashDocumento, MotivoCambio, IdUsuarioSube, FechaSubida, IdUsuarioCreacion, FechaCreacion, Estatus, ExtensionArchivo, MimeType, TamanoBytes) VALUES (104, 1, 'gridfs://mock-id-104', 'mock-hash-104', 'Carga inicial de datos de prueba', 3, '2026-05-25 14:19:47', 3, '2026-05-25 14:19:47', 1, '.pdf', 'application/pdf', 102400);
INSERT INTO [dbo].[Documento_Version] (IdDocumento, NumeroVersion, RutaArchivoFisico, HashDocumento, MotivoCambio, IdUsuarioSube, FechaSubida, IdUsuarioCreacion, FechaCreacion, Estatus, ExtensionArchivo, MimeType, TamanoBytes) VALUES (105, 1, 'gridfs://mock-id-105', 'mock-hash-105', 'Carga inicial de datos de prueba', 3, '2026-05-25 14:19:47', 3, '2026-05-25 14:19:47', 0, '.pdf', 'application/pdf', 102400);
INSERT INTO [dbo].[Documento_Version] (IdDocumento, NumeroVersion, RutaArchivoFisico, HashDocumento, MotivoCambio, IdUsuarioSube, FechaSubida, IdUsuarioCreacion, FechaCreacion, Estatus, ExtensionArchivo, MimeType, TamanoBytes) VALUES (106, 1, 'gridfs://mock-id-106', 'mock-hash-106', 'Carga inicial de datos de prueba', 9, '2026-05-25 14:19:47', 9, '2026-05-25 14:19:47', 1, '.pdf', 'application/pdf', 102400);
INSERT INTO [dbo].[Documento_Version] (IdDocumento, NumeroVersion, RutaArchivoFisico, HashDocumento, MotivoCambio, IdUsuarioSube, FechaSubida, IdUsuarioCreacion, FechaCreacion, Estatus, ExtensionArchivo, MimeType, TamanoBytes) VALUES (107, 1, 'gridfs://mock-id-107', 'mock-hash-107', 'Carga inicial de datos de prueba', 7, '2026-05-25 14:19:47', 7, '2026-05-25 14:19:47', 0, '.pdf', 'application/pdf', 102400);
INSERT INTO [dbo].[Documento_Version] (IdDocumento, NumeroVersion, RutaArchivoFisico, HashDocumento, MotivoCambio, IdUsuarioSube, FechaSubida, IdUsuarioCreacion, FechaCreacion, Estatus, ExtensionArchivo, MimeType, TamanoBytes) VALUES (108, 1, 'gridfs://mock-id-108', 'mock-hash-108', 'Carga inicial de datos de prueba', 10, '2026-05-25 14:19:47', 10, '2026-05-25 14:19:47', 1, '.pdf', 'application/pdf', 102400);
INSERT INTO [dbo].[Documento_Version] (IdDocumento, NumeroVersion, RutaArchivoFisico, HashDocumento, MotivoCambio, IdUsuarioSube, FechaSubida, IdUsuarioCreacion, FechaCreacion, Estatus, ExtensionArchivo, MimeType, TamanoBytes) VALUES (109, 1, 'gridfs://mock-id-109', 'mock-hash-109', 'Carga inicial de datos de prueba', 3, '2026-05-25 14:19:47', 3, '2026-05-25 14:19:47', 1, '.pdf', 'application/pdf', 102400);
INSERT INTO [dbo].[Documento_Version] (IdDocumento, NumeroVersion, RutaArchivoFisico, HashDocumento, MotivoCambio, IdUsuarioSube, FechaSubida, IdUsuarioCreacion, FechaCreacion, Estatus, ExtensionArchivo, MimeType, TamanoBytes) VALUES (110, 1, 'gridfs://mock-id-110', 'mock-hash-110', 'Carga inicial de datos de prueba', 10, '2026-05-25 14:19:47', 10, '2026-05-25 14:19:47', 1, '.pdf', 'application/pdf', 102400);
INSERT INTO [dbo].[Documento_Version] (IdDocumento, NumeroVersion, RutaArchivoFisico, HashDocumento, MotivoCambio, IdUsuarioSube, FechaSubida, IdUsuarioCreacion, FechaCreacion, Estatus, ExtensionArchivo, MimeType, TamanoBytes) VALUES (111, 1, 'gridfs://mock-id-111', 'mock-hash-111', 'Carga inicial de datos de prueba', 8, '2026-05-25 14:19:47', 8, '2026-05-25 14:19:47', 0, '.pdf', 'application/pdf', 102400);
INSERT INTO [dbo].[Documento_Version] (IdDocumento, NumeroVersion, RutaArchivoFisico, HashDocumento, MotivoCambio, IdUsuarioSube, FechaSubida, IdUsuarioCreacion, FechaCreacion, Estatus, ExtensionArchivo, MimeType, TamanoBytes) VALUES (112, 1, 'gridfs://mock-id-112', 'mock-hash-112', 'Carga inicial de datos de prueba', 3, '2026-05-25 14:19:47', 3, '2026-05-25 14:19:47', 0, '.pdf', 'application/pdf', 102400);
INSERT INTO [dbo].[Documento_Version] (IdDocumento, NumeroVersion, RutaArchivoFisico, HashDocumento, MotivoCambio, IdUsuarioSube, FechaSubida, IdUsuarioCreacion, FechaCreacion, Estatus, ExtensionArchivo, MimeType, TamanoBytes) VALUES (113, 1, 'gridfs://mock-id-113', 'mock-hash-113', 'Carga inicial de datos de prueba', 4, '2026-05-25 14:19:47', 4, '2026-05-25 14:19:47', 1, '.pdf', 'application/pdf', 102400);
INSERT INTO [dbo].[Documento_Version] (IdDocumento, NumeroVersion, RutaArchivoFisico, HashDocumento, MotivoCambio, IdUsuarioSube, FechaSubida, IdUsuarioCreacion, FechaCreacion, Estatus, ExtensionArchivo, MimeType, TamanoBytes) VALUES (114, 1, 'gridfs://mock-id-114', 'mock-hash-114', 'Carga inicial de datos de prueba', 8, '2026-05-25 14:19:47', 8, '2026-05-25 14:19:47', 0, '.pdf', 'application/pdf', 102400);
INSERT INTO [dbo].[Documento_Version] (IdDocumento, NumeroVersion, RutaArchivoFisico, HashDocumento, MotivoCambio, IdUsuarioSube, FechaSubida, IdUsuarioCreacion, FechaCreacion, Estatus, ExtensionArchivo, MimeType, TamanoBytes) VALUES (115, 1, 'gridfs://mock-id-115', 'mock-hash-115', 'Carga inicial de datos de prueba', 4, '2026-05-25 14:19:47', 4, '2026-05-25 14:19:47', 1, '.pdf', 'application/pdf', 102400);
INSERT INTO [dbo].[Documento_Version] (IdDocumento, NumeroVersion, RutaArchivoFisico, HashDocumento, MotivoCambio, IdUsuarioSube, FechaSubida, IdUsuarioCreacion, FechaCreacion, Estatus, ExtensionArchivo, MimeType, TamanoBytes) VALUES (116, 1, 'gridfs://mock-id-116', 'mock-hash-116', 'Carga inicial de datos de prueba', 9, '2026-05-25 14:19:47', 9, '2026-05-25 14:19:47', 0, '.pdf', 'application/pdf', 102400);
INSERT INTO [dbo].[Documento_Version] (IdDocumento, NumeroVersion, RutaArchivoFisico, HashDocumento, MotivoCambio, IdUsuarioSube, FechaSubida, IdUsuarioCreacion, FechaCreacion, Estatus, ExtensionArchivo, MimeType, TamanoBytes) VALUES (117, 1, 'gridfs://mock-id-117', 'mock-hash-117', 'Carga inicial de datos de prueba', 2, '2026-05-25 14:19:47', 2, '2026-05-25 14:19:47', 0, '.pdf', 'application/pdf', 102400);
INSERT INTO [dbo].[Documento_Version] (IdDocumento, NumeroVersion, RutaArchivoFisico, HashDocumento, MotivoCambio, IdUsuarioSube, FechaSubida, IdUsuarioCreacion, FechaCreacion, Estatus, ExtensionArchivo, MimeType, TamanoBytes) VALUES (118, 1, 'gridfs://mock-id-118', 'mock-hash-118', 'Carga inicial de datos de prueba', 2, '2026-05-25 14:19:47', 2, '2026-05-25 14:19:47', 1, '.pdf', 'application/pdf', 102400);
INSERT INTO [dbo].[Documento_Version] (IdDocumento, NumeroVersion, RutaArchivoFisico, HashDocumento, MotivoCambio, IdUsuarioSube, FechaSubida, IdUsuarioCreacion, FechaCreacion, Estatus, ExtensionArchivo, MimeType, TamanoBytes) VALUES (119, 1, 'gridfs://mock-id-119', 'mock-hash-119', 'Carga inicial de datos de prueba', 7, '2026-05-25 14:19:47', 7, '2026-05-25 14:19:47', 0, '.pdf', 'application/pdf', 102400);
INSERT INTO [dbo].[Documento_Version] (IdDocumento, NumeroVersion, RutaArchivoFisico, HashDocumento, MotivoCambio, IdUsuarioSube, FechaSubida, IdUsuarioCreacion, FechaCreacion, Estatus, ExtensionArchivo, MimeType, TamanoBytes) VALUES (120, 1, 'gridfs://mock-id-120', 'mock-hash-120', 'Carga inicial de datos de prueba', 9, '2026-05-25 14:19:47', 9, '2026-05-25 14:19:47', 1, '.pdf', 'application/pdf', 102400);
INSERT INTO [dbo].[Documento_Version] (IdDocumento, NumeroVersion, RutaArchivoFisico, HashDocumento, MotivoCambio, IdUsuarioSube, FechaSubida, IdUsuarioCreacion, FechaCreacion, Estatus, ExtensionArchivo, MimeType, TamanoBytes) VALUES (121, 1, 'gridfs://mock-id-121', 'mock-hash-121', 'Carga inicial de datos de prueba', 1, '2026-05-25 14:19:47', 1, '2026-05-25 14:19:47', 1, '.pdf', 'application/pdf', 102400);
INSERT INTO [dbo].[Documento_Version] (IdDocumento, NumeroVersion, RutaArchivoFisico, HashDocumento, MotivoCambio, IdUsuarioSube, FechaSubida, IdUsuarioCreacion, FechaCreacion, Estatus, ExtensionArchivo, MimeType, TamanoBytes) VALUES (122, 1, 'gridfs://mock-id-122', 'mock-hash-122', 'Carga inicial de datos de prueba', 1, '2026-05-25 14:19:47', 1, '2026-05-25 14:19:47', 1, '.pdf', 'application/pdf', 102400);
INSERT INTO [dbo].[Documento_Version] (IdDocumento, NumeroVersion, RutaArchivoFisico, HashDocumento, MotivoCambio, IdUsuarioSube, FechaSubida, IdUsuarioCreacion, FechaCreacion, Estatus, ExtensionArchivo, MimeType, TamanoBytes) VALUES (123, 1, 'gridfs://mock-id-123', 'mock-hash-123', 'Carga inicial de datos de prueba', 9, '2026-05-25 14:19:47', 9, '2026-05-25 14:19:47', 1, '.pdf', 'application/pdf', 102400);
INSERT INTO [dbo].[Documento_Version] (IdDocumento, NumeroVersion, RutaArchivoFisico, HashDocumento, MotivoCambio, IdUsuarioSube, FechaSubida, IdUsuarioCreacion, FechaCreacion, Estatus, ExtensionArchivo, MimeType, TamanoBytes) VALUES (124, 1, 'gridfs://mock-id-124', 'mock-hash-124', 'Carga inicial de datos de prueba', 4, '2026-05-25 14:19:47', 4, '2026-05-25 14:19:47', 1, '.pdf', 'application/pdf', 102400);
INSERT INTO [dbo].[Documento_Version] (IdDocumento, NumeroVersion, RutaArchivoFisico, HashDocumento, MotivoCambio, IdUsuarioSube, FechaSubida, IdUsuarioCreacion, FechaCreacion, Estatus, ExtensionArchivo, MimeType, TamanoBytes) VALUES (125, 1, 'gridfs://mock-id-125', 'mock-hash-125', 'Carga inicial de datos de prueba', 7, '2026-05-25 14:19:47', 7, '2026-05-25 14:19:47', 1, '.pdf', 'application/pdf', 102400);
INSERT INTO [dbo].[Documento_Version] (IdDocumento, NumeroVersion, RutaArchivoFisico, HashDocumento, MotivoCambio, IdUsuarioSube, FechaSubida, IdUsuarioCreacion, FechaCreacion, Estatus, ExtensionArchivo, MimeType, TamanoBytes) VALUES (126, 1, 'gridfs://mock-id-126', 'mock-hash-126', 'Carga inicial de datos de prueba', 10, '2026-05-25 14:19:47', 10, '2026-05-25 14:19:47', 1, '.pdf', 'application/pdf', 102400);
INSERT INTO [dbo].[Documento_Version] (IdDocumento, NumeroVersion, RutaArchivoFisico, HashDocumento, MotivoCambio, IdUsuarioSube, FechaSubida, IdUsuarioCreacion, FechaCreacion, Estatus, ExtensionArchivo, MimeType, TamanoBytes) VALUES (127, 1, 'gridfs://mock-id-127', 'mock-hash-127', 'Carga inicial de datos de prueba', 7, '2026-05-25 14:19:47', 7, '2026-05-25 14:19:47', 0, '.pdf', 'application/pdf', 102400);
INSERT INTO [dbo].[Documento_Version] (IdDocumento, NumeroVersion, RutaArchivoFisico, HashDocumento, MotivoCambio, IdUsuarioSube, FechaSubida, IdUsuarioCreacion, FechaCreacion, Estatus, ExtensionArchivo, MimeType, TamanoBytes) VALUES (128, 1, 'gridfs://mock-id-128', 'mock-hash-128', 'Carga inicial de datos de prueba', 7, '2026-05-25 14:19:47', 7, '2026-05-25 14:19:47', 1, '.pdf', 'application/pdf', 102400);
INSERT INTO [dbo].[Documento_Version] (IdDocumento, NumeroVersion, RutaArchivoFisico, HashDocumento, MotivoCambio, IdUsuarioSube, FechaSubida, IdUsuarioCreacion, FechaCreacion, Estatus, ExtensionArchivo, MimeType, TamanoBytes) VALUES (129, 1, 'gridfs://mock-id-129', 'mock-hash-129', 'Carga inicial de datos de prueba', 7, '2026-05-25 14:19:47', 7, '2026-05-25 14:19:47', 0, '.pdf', 'application/pdf', 102400);
INSERT INTO [dbo].[Documento_Version] (IdDocumento, NumeroVersion, RutaArchivoFisico, HashDocumento, MotivoCambio, IdUsuarioSube, FechaSubida, IdUsuarioCreacion, FechaCreacion, Estatus, ExtensionArchivo, MimeType, TamanoBytes) VALUES (130, 1, 'gridfs://mock-id-130', 'mock-hash-130', 'Carga inicial de datos de prueba', 8, '2026-05-25 14:19:47', 8, '2026-05-25 14:19:47', 0, '.pdf', 'application/pdf', 102400);
INSERT INTO [dbo].[Documento_Version] (IdDocumento, NumeroVersion, RutaArchivoFisico, HashDocumento, MotivoCambio, IdUsuarioSube, FechaSubida, IdUsuarioCreacion, FechaCreacion, Estatus, ExtensionArchivo, MimeType, TamanoBytes) VALUES (131, 1, 'gridfs://mock-id-131', 'mock-hash-131', 'Carga inicial de datos de prueba', 6, '2026-05-25 14:19:47', 6, '2026-05-25 14:19:47', 1, '.pdf', 'application/pdf', 102400);
INSERT INTO [dbo].[Documento_Version] (IdDocumento, NumeroVersion, RutaArchivoFisico, HashDocumento, MotivoCambio, IdUsuarioSube, FechaSubida, IdUsuarioCreacion, FechaCreacion, Estatus, ExtensionArchivo, MimeType, TamanoBytes) VALUES (132, 1, 'gridfs://mock-id-132', 'mock-hash-132', 'Carga inicial de datos de prueba', 1, '2026-05-25 14:19:47', 1, '2026-05-25 14:19:47', 0, '.pdf', 'application/pdf', 102400);
INSERT INTO [dbo].[Documento_Version] (IdDocumento, NumeroVersion, RutaArchivoFisico, HashDocumento, MotivoCambio, IdUsuarioSube, FechaSubida, IdUsuarioCreacion, FechaCreacion, Estatus, ExtensionArchivo, MimeType, TamanoBytes) VALUES (133, 1, 'gridfs://mock-id-133', 'mock-hash-133', 'Carga inicial de datos de prueba', 1, '2026-05-25 14:19:47', 1, '2026-05-25 14:19:47', 0, '.pdf', 'application/pdf', 102400);
INSERT INTO [dbo].[Documento_Version] (IdDocumento, NumeroVersion, RutaArchivoFisico, HashDocumento, MotivoCambio, IdUsuarioSube, FechaSubida, IdUsuarioCreacion, FechaCreacion, Estatus, ExtensionArchivo, MimeType, TamanoBytes) VALUES (134, 1, 'gridfs://mock-id-134', 'mock-hash-134', 'Carga inicial de datos de prueba', 1, '2026-05-25 14:19:47', 1, '2026-05-25 14:19:47', 0, '.pdf', 'application/pdf', 102400);
INSERT INTO [dbo].[Documento_Version] (IdDocumento, NumeroVersion, RutaArchivoFisico, HashDocumento, MotivoCambio, IdUsuarioSube, FechaSubida, IdUsuarioCreacion, FechaCreacion, Estatus, ExtensionArchivo, MimeType, TamanoBytes) VALUES (135, 1, 'gridfs://mock-id-135', 'mock-hash-135', 'Carga inicial de datos de prueba', 3, '2026-05-25 14:19:47', 3, '2026-05-25 14:19:47', 0, '.pdf', 'application/pdf', 102400);
INSERT INTO [dbo].[Documento_Version] (IdDocumento, NumeroVersion, RutaArchivoFisico, HashDocumento, MotivoCambio, IdUsuarioSube, FechaSubida, IdUsuarioCreacion, FechaCreacion, Estatus, ExtensionArchivo, MimeType, TamanoBytes) VALUES (136, 1, 'gridfs://mock-id-136', 'mock-hash-136', 'Carga inicial de datos de prueba', 1, '2026-05-25 14:19:47', 1, '2026-05-25 14:19:47', 1, '.pdf', 'application/pdf', 102400);
INSERT INTO [dbo].[Documento_Version] (IdDocumento, NumeroVersion, RutaArchivoFisico, HashDocumento, MotivoCambio, IdUsuarioSube, FechaSubida, IdUsuarioCreacion, FechaCreacion, Estatus, ExtensionArchivo, MimeType, TamanoBytes) VALUES (137, 1, 'gridfs://mock-id-137', 'mock-hash-137', 'Carga inicial de datos de prueba', 2, '2026-05-25 14:19:47', 2, '2026-05-25 14:19:47', 1, '.pdf', 'application/pdf', 102400);
INSERT INTO [dbo].[Documento_Version] (IdDocumento, NumeroVersion, RutaArchivoFisico, HashDocumento, MotivoCambio, IdUsuarioSube, FechaSubida, IdUsuarioCreacion, FechaCreacion, Estatus, ExtensionArchivo, MimeType, TamanoBytes) VALUES (138, 1, 'gridfs://mock-id-138', 'mock-hash-138', 'Carga inicial de datos de prueba', 8, '2026-05-25 14:19:47', 8, '2026-05-25 14:19:47', 0, '.pdf', 'application/pdf', 102400);
INSERT INTO [dbo].[Documento_Version] (IdDocumento, NumeroVersion, RutaArchivoFisico, HashDocumento, MotivoCambio, IdUsuarioSube, FechaSubida, IdUsuarioCreacion, FechaCreacion, Estatus, ExtensionArchivo, MimeType, TamanoBytes) VALUES (139, 1, 'gridfs://mock-id-139', 'mock-hash-139', 'Carga inicial de datos de prueba', 4, '2026-05-25 14:19:47', 4, '2026-05-25 14:19:47', 0, '.pdf', 'application/pdf', 102400);
INSERT INTO [dbo].[Documento_Version] (IdDocumento, NumeroVersion, RutaArchivoFisico, HashDocumento, MotivoCambio, IdUsuarioSube, FechaSubida, IdUsuarioCreacion, FechaCreacion, Estatus, ExtensionArchivo, MimeType, TamanoBytes) VALUES (140, 1, 'gridfs://mock-id-140', 'mock-hash-140', 'Carga inicial de datos de prueba', 4, '2026-05-25 14:19:47', 4, '2026-05-25 14:19:47', 1, '.pdf', 'application/pdf', 102400);
INSERT INTO [dbo].[Documento_Version] (IdDocumento, NumeroVersion, RutaArchivoFisico, HashDocumento, MotivoCambio, IdUsuarioSube, FechaSubida, IdUsuarioCreacion, FechaCreacion, Estatus, ExtensionArchivo, MimeType, TamanoBytes) VALUES (141, 1, 'gridfs://mock-id-141', 'mock-hash-141', 'Carga inicial de datos de prueba', 9, '2026-05-25 14:19:47', 9, '2026-05-25 14:19:47', 1, '.pdf', 'application/pdf', 102400);
INSERT INTO [dbo].[Documento_Version] (IdDocumento, NumeroVersion, RutaArchivoFisico, HashDocumento, MotivoCambio, IdUsuarioSube, FechaSubida, IdUsuarioCreacion, FechaCreacion, Estatus, ExtensionArchivo, MimeType, TamanoBytes) VALUES (142, 1, 'gridfs://mock-id-142', 'mock-hash-142', 'Carga inicial de datos de prueba', 1, '2026-05-25 14:19:47', 1, '2026-05-25 14:19:47', 1, '.pdf', 'application/pdf', 102400);
INSERT INTO [dbo].[Documento_Version] (IdDocumento, NumeroVersion, RutaArchivoFisico, HashDocumento, MotivoCambio, IdUsuarioSube, FechaSubida, IdUsuarioCreacion, FechaCreacion, Estatus, ExtensionArchivo, MimeType, TamanoBytes) VALUES (143, 1, 'gridfs://mock-id-143', 'mock-hash-143', 'Carga inicial de datos de prueba', 9, '2026-05-25 14:19:47', 9, '2026-05-25 14:19:47', 1, '.pdf', 'application/pdf', 102400);
INSERT INTO [dbo].[Documento_Version] (IdDocumento, NumeroVersion, RutaArchivoFisico, HashDocumento, MotivoCambio, IdUsuarioSube, FechaSubida, IdUsuarioCreacion, FechaCreacion, Estatus, ExtensionArchivo, MimeType, TamanoBytes) VALUES (144, 1, 'gridfs://mock-id-144', 'mock-hash-144', 'Carga inicial de datos de prueba', 2, '2026-05-25 14:19:47', 2, '2026-05-25 14:19:47', 1, '.pdf', 'application/pdf', 102400);
INSERT INTO [dbo].[Documento_Version] (IdDocumento, NumeroVersion, RutaArchivoFisico, HashDocumento, MotivoCambio, IdUsuarioSube, FechaSubida, IdUsuarioCreacion, FechaCreacion, Estatus, ExtensionArchivo, MimeType, TamanoBytes) VALUES (145, 1, 'gridfs://mock-id-145', 'mock-hash-145', 'Carga inicial de datos de prueba', 3, '2026-05-25 14:19:47', 3, '2026-05-25 14:19:47', 1, '.pdf', 'application/pdf', 102400);
INSERT INTO [dbo].[Documento_Version] (IdDocumento, NumeroVersion, RutaArchivoFisico, HashDocumento, MotivoCambio, IdUsuarioSube, FechaSubida, IdUsuarioCreacion, FechaCreacion, Estatus, ExtensionArchivo, MimeType, TamanoBytes) VALUES (146, 1, 'gridfs://mock-id-146', 'mock-hash-146', 'Carga inicial de datos de prueba', 1, '2026-05-25 14:19:47', 1, '2026-05-25 14:19:47', 1, '.pdf', 'application/pdf', 102400);
INSERT INTO [dbo].[Documento_Version] (IdDocumento, NumeroVersion, RutaArchivoFisico, HashDocumento, MotivoCambio, IdUsuarioSube, FechaSubida, IdUsuarioCreacion, FechaCreacion, Estatus, ExtensionArchivo, MimeType, TamanoBytes) VALUES (147, 1, 'gridfs://mock-id-147', 'mock-hash-147', 'Carga inicial de datos de prueba', 1, '2026-05-25 14:19:47', 1, '2026-05-25 14:19:47', 1, '.pdf', 'application/pdf', 102400);
INSERT INTO [dbo].[Documento_Version] (IdDocumento, NumeroVersion, RutaArchivoFisico, HashDocumento, MotivoCambio, IdUsuarioSube, FechaSubida, IdUsuarioCreacion, FechaCreacion, Estatus, ExtensionArchivo, MimeType, TamanoBytes) VALUES (148, 1, 'gridfs://mock-id-148', 'mock-hash-148', 'Carga inicial de datos de prueba', 5, '2026-05-25 14:19:47', 5, '2026-05-25 14:19:47', 1, '.pdf', 'application/pdf', 102400);
INSERT INTO [dbo].[Documento_Version] (IdDocumento, NumeroVersion, RutaArchivoFisico, HashDocumento, MotivoCambio, IdUsuarioSube, FechaSubida, IdUsuarioCreacion, FechaCreacion, Estatus, ExtensionArchivo, MimeType, TamanoBytes) VALUES (149, 1, 'gridfs://mock-id-149', 'mock-hash-149', 'Carga inicial de datos de prueba', 10, '2026-05-25 14:19:47', 10, '2026-05-25 14:19:47', 1, '.pdf', 'application/pdf', 102400);
INSERT INTO [dbo].[Documento_Version] (IdDocumento, NumeroVersion, RutaArchivoFisico, HashDocumento, MotivoCambio, IdUsuarioSube, FechaSubida, IdUsuarioCreacion, FechaCreacion, Estatus, ExtensionArchivo, MimeType, TamanoBytes) VALUES (150, 1, 'gridfs://mock-id-150', 'mock-hash-150', 'Carga inicial de datos de prueba', 5, '2026-05-25 14:19:47', 5, '2026-05-25 14:19:47', 0, '.pdf', 'application/pdf', 102400);

-- Reactivar todas las restricciones
EXEC sp_MSforeachtable "ALTER TABLE ? WITH CHECK CHECK CONSTRAINT all";
PRINT 'Se han activado las restricciones nuevamente.';
PRINT '========================================';
PRINT '  CARGA SEMILLA CENTRAL (SQL SERVER) LISTA';
PRINT '========================================';
