-- ==========================================================
-- SCRIPT DE CARGA SEMILLA GENERADO AUTOMATICAMENTE
-- Destino: PostgreSQL (Base de Datos: Postgres_SIGD)
-- ==========================================================

-- Limpieza previa
DELETE FROM estadistica_documento WHERE id_documento >= 101;
DELETE FROM documento_vigente WHERE id_documento >= 101;
DELETE FROM usuario WHERE id_usuario > 6;

-- Insertar departamentos faltantes
INSERT INTO departamento (id_departamento, nombre, abreviatura, estatus, id_usuario_creacion, id_empresa) VALUES
(7, 'Administración', 'ADM', TRUE, 1, (SELECT id_empresa FROM empresa WHERE slug = 'techcorp')),
(8, 'Administración', 'ADM', TRUE, 1, (SELECT id_empresa FROM empresa WHERE slug = 'grupoinnovar'))
ON CONFLICT (id_departamento) DO NOTHING;

-- Insertar usuarios faltantes (IDs del 7 al 15)
INSERT INTO usuario (id_usuario, id_departamento, nombre, apellido_p, correo, contrasena, estatus, id_usuario_creacion, id_empresa) VALUES
(7, 4, 'Marcos', 'de León', 'marcos.deleon@sigd.local', UPPER(encode(digest('Admin@SIGD2026!','sha256'),'hex')), TRUE, 1, (SELECT id_empresa FROM empresa WHERE slug = 'techcorp')),
(8, 3, 'Aurelio', 'Uribe', 'aurelio.uribe@sigd.local', UPPER(encode(digest('Admin@SIGD2026!','sha256'),'hex')), TRUE, 1, (SELECT id_empresa FROM empresa WHERE slug = 'grupoinnovar')),
(9, 2, 'Emilio', 'Ybarra', 'emilio.ybarra@sigd.local', UPPER(encode(digest('Admin@SIGD2026!','sha256'),'hex')), TRUE, 1, (SELECT id_empresa FROM empresa WHERE slug = 'techcorp')),
(10, 5, 'Felix', 'Palomo', 'felix.palomo@sigd.local', UPPER(encode(digest('Admin@SIGD2026!','sha256'),'hex')), TRUE, 1, (SELECT id_empresa FROM empresa WHERE slug = 'grupoinnovar')),
(11, 7, 'Ana', 'García', 'admin.tech@techcorp.local', UPPER(encode(digest('Admin@Tech2026!','sha256'),'hex')), TRUE, 1, (SELECT id_empresa FROM empresa WHERE slug = 'techcorp')),
(12, 8, 'Carlos', 'López', 'admin@grupoinnovar.local', UPPER(encode(digest('Admin@Innov2026!','sha256'),'hex')), TRUE, 1, (SELECT id_empresa FROM empresa WHERE slug = 'grupoinnovar')),
(13, 1, 'Admin', 'Demo', 'admin.demo@sigd.local', UPPER(encode(digest('Admin@SIGD2026!','sha256'),'hex')), TRUE, 1, (SELECT id_empresa FROM empresa WHERE slug = 'demo')),
(14, 1, 'Usuario', 'Demo', 'user.demo@sigd.local', UPPER(encode(digest('Admin@SIGD2026!','sha256'),'hex')), TRUE, 1, (SELECT id_empresa FROM empresa WHERE slug = 'demo')),
(15, 1, 'Auditor', 'Demo', 'auditor.demo@sigd.local', UPPER(encode(digest('Admin@SIGD2026!','sha256'),'hex')), TRUE, 1, (SELECT id_empresa FROM empresa WHERE slug = 'demo'))
ON CONFLICT (id_usuario) DO NOTHING;

-- Vincular usuarios y departamentos existentes a sus empresas
UPDATE departamento SET id_empresa = (SELECT id_empresa FROM empresa WHERE slug = 'techcorp') WHERE id_departamento IN (2, 4, 6);
UPDATE departamento SET id_empresa = (SELECT id_empresa FROM empresa WHERE slug = 'grupoinnovar') WHERE id_departamento IN (3, 5);

UPDATE usuario SET id_empresa = (SELECT id_empresa FROM empresa WHERE slug = 'techcorp') WHERE id_departamento IN (2, 4, 6);
UPDATE usuario SET id_empresa = (SELECT id_empresa FROM empresa WHERE slug = 'grupoinnovar') WHERE id_departamento IN (3, 5);

UPDATE tipo_documento SET id_empresa = (SELECT id_empresa FROM empresa WHERE slug = 'techcorp') WHERE id_tipo IN (1, 2, 3, 5);
UPDATE tipo_documento SET id_empresa = (SELECT id_empresa FROM empresa WHERE slug = 'grupoinnovar') WHERE id_tipo IN (4, 6, 7);

-- Insertar documentos

INSERT INTO documento_vigente (id_documento, codigo_interno, titulo, id_tipo, id_departamento, version_actual, fecha_publicacion, ruta_archivo_descarga, hash_verificacion, estatus, id_usuario_creacion, fecha_creacion, id_empresa) VALUES (101, 'PRO-CAL-001', 'Sabía Incluso Tenían', 1, 4, 1, '2026-05-25 14:19:47', 'gridfs://mock-id-101', 'mock-hash-101', TRUE, 7, '2026-05-25 14:19:47', (SELECT id_empresa FROM empresa WHERE slug = 'techcorp')) ON CONFLICT (id_documento) DO NOTHING;
INSERT INTO documento_vigente (id_documento, codigo_interno, titulo, id_tipo, id_departamento, version_actual, fecha_publicacion, ruta_archivo_descarga, hash_verificacion, estatus, id_usuario_creacion, fecha_creacion, id_empresa) VALUES (102, 'PRO-PROD-002', 'Familia Su Juez', 1, 3, 1, '2026-05-25 14:19:47', 'gridfs://mock-id-102', 'mock-hash-102', TRUE, 2, '2026-05-25 14:19:47', (SELECT id_empresa FROM empresa WHERE slug = 'grupoinnovar')) ON CONFLICT (id_documento) DO NOTHING;
INSERT INTO documento_vigente (id_documento, codigo_interno, titulo, id_tipo, id_departamento, version_actual, fecha_publicacion, ruta_archivo_descarga, hash_verificacion, estatus, id_usuario_creacion, fecha_creacion, id_empresa) VALUES (103, 'PRO-PROD-003', 'Media Llega Producción', 1, 3, 1, '2026-05-25 14:19:47', 'gridfs://mock-id-103', 'mock-hash-103', TRUE, 6, '2026-05-25 14:19:47', (SELECT id_empresa FROM empresa WHERE slug = 'grupoinnovar')) ON CONFLICT (id_documento) DO NOTHING;
INSERT INTO documento_vigente (id_documento, codigo_interno, titulo, id_tipo, id_departamento, version_actual, fecha_publicacion, ruta_archivo_descarga, hash_verificacion, estatus, id_usuario_creacion, fecha_creacion, id_empresa) VALUES (104, 'PRO-CAL-004', 'Cambios Tener Son Incluso', 1, 4, 1, '2026-05-25 14:19:47', 'gridfs://mock-id-104', 'mock-hash-104', TRUE, 3, '2026-05-25 14:19:47', (SELECT id_empresa FROM empresa WHERE slug = 'techcorp')) ON CONFLICT (id_documento) DO NOTHING;
INSERT INTO documento_vigente (id_documento, codigo_interno, titulo, id_tipo, id_departamento, version_actual, fecha_publicacion, ruta_archivo_descarga, hash_verificacion, estatus, id_usuario_creacion, fecha_creacion, id_empresa) VALUES (105, 'PRO-PROD-005', 'Justicia Decir Servicio Calidad Pp', 1, 3, 1, '2026-05-25 14:19:47', 'gridfs://mock-id-105', 'mock-hash-105', FALSE, 3, '2026-05-25 14:19:47', (SELECT id_empresa FROM empresa WHERE slug = 'grupoinnovar')) ON CONFLICT (id_documento) DO NOTHING;
INSERT INTO documento_vigente (id_documento, codigo_interno, titulo, id_tipo, id_departamento, version_actual, fecha_publicacion, ruta_archivo_descarga, hash_verificacion, estatus, id_usuario_creacion, fecha_creacion, id_empresa) VALUES (106, 'PRO-RH-006', 'Saber Niños Especialmente Expresión Instituciones', 1, 2, 1, '2026-05-25 14:19:47', 'gridfs://mock-id-106', 'mock-hash-106', TRUE, 9, '2026-05-25 14:19:47', (SELECT id_empresa FROM empresa WHERE slug = 'techcorp')) ON CONFLICT (id_documento) DO NOTHING;
INSERT INTO documento_vigente (id_documento, codigo_interno, titulo, id_tipo, id_departamento, version_actual, fecha_publicacion, ruta_archivo_descarga, hash_verificacion, estatus, id_usuario_creacion, fecha_creacion, id_empresa) VALUES (107, 'PRO-MANT-007', 'Unidad Poder Razón Su Especialmente Largo', 1, 5, 1, '2026-05-25 14:19:47', 'gridfs://mock-id-107', 'mock-hash-107', FALSE, 7, '2026-05-25 14:19:47', (SELECT id_empresa FROM empresa WHERE slug = 'grupoinnovar')) ON CONFLICT (id_documento) DO NOTHING;
INSERT INTO documento_vigente (id_documento, codigo_interno, titulo, id_tipo, id_departamento, version_actual, fecha_publicacion, ruta_archivo_descarga, hash_verificacion, estatus, id_usuario_creacion, fecha_creacion, id_empresa) VALUES (108, 'PRO-CAL-008', 'Buscar Carácter Decir Cuerpo', 1, 4, 1, '2026-05-25 14:19:47', 'gridfs://mock-id-108', 'mock-hash-108', TRUE, 10, '2026-05-25 14:19:47', (SELECT id_empresa FROM empresa WHERE slug = 'techcorp')) ON CONFLICT (id_documento) DO NOTHING;
INSERT INTO documento_vigente (id_documento, codigo_interno, titulo, id_tipo, id_departamento, version_actual, fecha_publicacion, ruta_archivo_descarga, hash_verificacion, estatus, id_usuario_creacion, fecha_creacion, id_empresa) VALUES (109, 'PRO-CAL-009', 'Sentido Diversas Sólo Lo Electoral Tomar', 1, 4, 1, '2026-05-25 14:19:47', 'gridfs://mock-id-109', 'mock-hash-109', TRUE, 3, '2026-05-25 14:19:47', (SELECT id_empresa FROM empresa WHERE slug = 'techcorp')) ON CONFLICT (id_documento) DO NOTHING;
INSERT INTO documento_vigente (id_documento, codigo_interno, titulo, id_tipo, id_departamento, version_actual, fecha_publicacion, ruta_archivo_descarga, hash_verificacion, estatus, id_usuario_creacion, fecha_creacion, id_empresa) VALUES (110, 'PRO-CAL-010', 'Finalmente Etapa Época Hacia Humanos Asociación', 1, 4, 1, '2026-05-25 14:19:47', 'gridfs://mock-id-110', 'mock-hash-110', TRUE, 10, '2026-05-25 14:19:47', (SELECT id_empresa FROM empresa WHERE slug = 'techcorp')) ON CONFLICT (id_documento) DO NOTHING;
INSERT INTO documento_vigente (id_documento, codigo_interno, titulo, id_tipo, id_departamento, version_actual, fecha_publicacion, ruta_archivo_descarga, hash_verificacion, estatus, id_usuario_creacion, fecha_creacion, id_empresa) VALUES (111, 'PRO-PROD-011', 'Ciudad Buscar Manos Único Artículo Vista', 1, 3, 1, '2026-05-25 14:19:47', 'gridfs://mock-id-111', 'mock-hash-111', FALSE, 8, '2026-05-25 14:19:47', (SELECT id_empresa FROM empresa WHERE slug = 'grupoinnovar')) ON CONFLICT (id_documento) DO NOTHING;
INSERT INTO documento_vigente (id_documento, codigo_interno, titulo, id_tipo, id_departamento, version_actual, fecha_publicacion, ruta_archivo_descarga, hash_verificacion, estatus, id_usuario_creacion, fecha_creacion, id_empresa) VALUES (112, 'PRO-CAL-012', 'Amigos Menor Tienen', 1, 4, 1, '2026-05-25 14:19:47', 'gridfs://mock-id-112', 'mock-hash-112', FALSE, 3, '2026-05-25 14:19:47', (SELECT id_empresa FROM empresa WHERE slug = 'techcorp')) ON CONFLICT (id_documento) DO NOTHING;
INSERT INTO documento_vigente (id_documento, codigo_interno, titulo, id_tipo, id_departamento, version_actual, fecha_publicacion, ruta_archivo_descarga, hash_verificacion, estatus, id_usuario_creacion, fecha_creacion, id_empresa) VALUES (113, 'PRO-RH-013', 'Comisión Trabajo Cualquier Unos Poco', 1, 2, 1, '2026-05-25 14:19:47', 'gridfs://mock-id-113', 'mock-hash-113', TRUE, 4, '2026-05-25 14:19:47', (SELECT id_empresa FROM empresa WHERE slug = 'techcorp')) ON CONFLICT (id_documento) DO NOTHING;
INSERT INTO documento_vigente (id_documento, codigo_interno, titulo, id_tipo, id_departamento, version_actual, fecha_publicacion, ruta_archivo_descarga, hash_verificacion, estatus, id_usuario_creacion, fecha_creacion, id_empresa) VALUES (114, 'PRO-CAL-014', 'Frente Importante Modo En Nuestras', 1, 4, 1, '2026-05-25 14:19:47', 'gridfs://mock-id-114', 'mock-hash-114', FALSE, 8, '2026-05-25 14:19:47', (SELECT id_empresa FROM empresa WHERE slug = 'techcorp')) ON CONFLICT (id_documento) DO NOTHING;
INSERT INTO documento_vigente (id_documento, codigo_interno, titulo, id_tipo, id_departamento, version_actual, fecha_publicacion, ruta_archivo_descarga, hash_verificacion, estatus, id_usuario_creacion, fecha_creacion, id_empresa) VALUES (115, 'PRO-PROD-015', 'Campaña Político Nunca', 1, 3, 1, '2026-05-25 14:19:47', 'gridfs://mock-id-115', 'mock-hash-115', TRUE, 4, '2026-05-25 14:19:47', (SELECT id_empresa FROM empresa WHERE slug = 'grupoinnovar')) ON CONFLICT (id_documento) DO NOTHING;
INSERT INTO documento_vigente (id_documento, codigo_interno, titulo, id_tipo, id_departamento, version_actual, fecha_publicacion, ruta_archivo_descarga, hash_verificacion, estatus, id_usuario_creacion, fecha_creacion, id_empresa) VALUES (116, 'PRO-PROD-016', 'Sociales Necesario Fútbol Paz Vista Zona', 1, 3, 1, '2026-05-25 14:19:47', 'gridfs://mock-id-116', 'mock-hash-116', FALSE, 9, '2026-05-25 14:19:47', (SELECT id_empresa FROM empresa WHERE slug = 'grupoinnovar')) ON CONFLICT (id_documento) DO NOTHING;
INSERT INTO documento_vigente (id_documento, codigo_interno, titulo, id_tipo, id_departamento, version_actual, fecha_publicacion, ruta_archivo_descarga, hash_verificacion, estatus, id_usuario_creacion, fecha_creacion, id_empresa) VALUES (117, 'PRO-MANT-017', 'Saber Autor Resultado Don', 1, 5, 1, '2026-05-25 14:19:47', 'gridfs://mock-id-117', 'mock-hash-117', FALSE, 2, '2026-05-25 14:19:47', (SELECT id_empresa FROM empresa WHERE slug = 'grupoinnovar')) ON CONFLICT (id_documento) DO NOTHING;
INSERT INTO documento_vigente (id_documento, codigo_interno, titulo, id_tipo, id_departamento, version_actual, fecha_publicacion, ruta_archivo_descarga, hash_verificacion, estatus, id_usuario_creacion, fecha_creacion, id_empresa) VALUES (118, 'PRO-RH-018', 'Hijos Producto Claro Mayor', 1, 2, 1, '2026-05-25 14:19:47', 'gridfs://mock-id-118', 'mock-hash-118', TRUE, 2, '2026-05-25 14:19:47', (SELECT id_empresa FROM empresa WHERE slug = 'techcorp')) ON CONFLICT (id_documento) DO NOTHING;
INSERT INTO documento_vigente (id_documento, codigo_interno, titulo, id_tipo, id_departamento, version_actual, fecha_publicacion, ruta_archivo_descarga, hash_verificacion, estatus, id_usuario_creacion, fecha_creacion, id_empresa) VALUES (119, 'PRO-RH-019', 'Ambiente Asimismo Las Actividades Dolor Dar', 1, 2, 1, '2026-05-25 14:19:47', 'gridfs://mock-id-119', 'mock-hash-119', FALSE, 7, '2026-05-25 14:19:47', (SELECT id_empresa FROM empresa WHERE slug = 'techcorp')) ON CONFLICT (id_documento) DO NOTHING;
INSERT INTO documento_vigente (id_documento, codigo_interno, titulo, id_tipo, id_departamento, version_actual, fecha_publicacion, ruta_archivo_descarga, hash_verificacion, estatus, id_usuario_creacion, fecha_creacion, id_empresa) VALUES (120, 'PRO-PROD-020', 'Boca Hora Militares Mañana Diferencia', 1, 3, 1, '2026-05-25 14:19:47', 'gridfs://mock-id-120', 'mock-hash-120', TRUE, 9, '2026-05-25 14:19:47', (SELECT id_empresa FROM empresa WHERE slug = 'grupoinnovar')) ON CONFLICT (id_documento) DO NOTHING;
INSERT INTO documento_vigente (id_documento, codigo_interno, titulo, id_tipo, id_departamento, version_actual, fecha_publicacion, ruta_archivo_descarga, hash_verificacion, estatus, id_usuario_creacion, fecha_creacion, id_empresa) VALUES (121, 'PRO-CAL-021', 'Cuba Mañana Parte Hemos Pacientes', 1, 4, 1, '2026-05-25 14:19:47', 'gridfs://mock-id-121', 'mock-hash-121', TRUE, 1, '2026-05-25 14:19:47', (SELECT id_empresa FROM empresa WHERE slug = 'techcorp')) ON CONFLICT (id_documento) DO NOTHING;
INSERT INTO documento_vigente (id_documento, codigo_interno, titulo, id_tipo, id_departamento, version_actual, fecha_publicacion, ruta_archivo_descarga, hash_verificacion, estatus, id_usuario_creacion, fecha_creacion, id_empresa) VALUES (122, 'PRO-PROD-022', 'Nuestras Tiempo Informe', 1, 3, 1, '2026-05-25 14:19:47', 'gridfs://mock-id-122', 'mock-hash-122', TRUE, 1, '2026-05-25 14:19:47', (SELECT id_empresa FROM empresa WHERE slug = 'grupoinnovar')) ON CONFLICT (id_documento) DO NOTHING;
INSERT INTO documento_vigente (id_documento, codigo_interno, titulo, id_tipo, id_departamento, version_actual, fecha_publicacion, ruta_archivo_descarga, hash_verificacion, estatus, id_usuario_creacion, fecha_creacion, id_empresa) VALUES (123, 'PRO-MANT-023', 'Muy Cuerpo Pregunta Anterior', 1, 5, 1, '2026-05-25 14:19:47', 'gridfs://mock-id-123', 'mock-hash-123', TRUE, 9, '2026-05-25 14:19:47', (SELECT id_empresa FROM empresa WHERE slug = 'grupoinnovar')) ON CONFLICT (id_documento) DO NOTHING;
INSERT INTO documento_vigente (id_documento, codigo_interno, titulo, id_tipo, id_departamento, version_actual, fecha_publicacion, ruta_archivo_descarga, hash_verificacion, estatus, id_usuario_creacion, fecha_creacion, id_empresa) VALUES (124, 'PRO-MANT-024', 'Teoría Casi Suelo Iba Derechos', 1, 5, 1, '2026-05-25 14:19:47', 'gridfs://mock-id-124', 'mock-hash-124', TRUE, 4, '2026-05-25 14:19:47', (SELECT id_empresa FROM empresa WHERE slug = 'grupoinnovar')) ON CONFLICT (id_documento) DO NOTHING;
INSERT INTO documento_vigente (id_documento, codigo_interno, titulo, id_tipo, id_departamento, version_actual, fecha_publicacion, ruta_archivo_descarga, hash_verificacion, estatus, id_usuario_creacion, fecha_creacion, id_empresa) VALUES (125, 'PRO-MANT-025', 'Desde Forma Acerca', 1, 5, 1, '2026-05-25 14:19:47', 'gridfs://mock-id-125', 'mock-hash-125', TRUE, 7, '2026-05-25 14:19:47', (SELECT id_empresa FROM empresa WHERE slug = 'grupoinnovar')) ON CONFLICT (id_documento) DO NOTHING;
INSERT INTO documento_vigente (id_documento, codigo_interno, titulo, id_tipo, id_departamento, version_actual, fecha_publicacion, ruta_archivo_descarga, hash_verificacion, estatus, id_usuario_creacion, fecha_creacion, id_empresa) VALUES (126, 'PRO-MANT-026', 'Actividad Texto Solución Falta Revolución Manera', 1, 5, 1, '2026-05-25 14:19:47', 'gridfs://mock-id-126', 'mock-hash-126', TRUE, 10, '2026-05-25 14:19:47', (SELECT id_empresa FROM empresa WHERE slug = 'grupoinnovar')) ON CONFLICT (id_documento) DO NOTHING;
INSERT INTO documento_vigente (id_documento, codigo_interno, titulo, id_tipo, id_departamento, version_actual, fecha_publicacion, ruta_archivo_descarga, hash_verificacion, estatus, id_usuario_creacion, fecha_creacion, id_empresa) VALUES (127, 'PRO-MANT-027', 'Hombres Habrá Campaña Pie', 1, 5, 1, '2026-05-25 14:19:47', 'gridfs://mock-id-127', 'mock-hash-127', FALSE, 7, '2026-05-25 14:19:47', (SELECT id_empresa FROM empresa WHERE slug = 'grupoinnovar')) ON CONFLICT (id_documento) DO NOTHING;
INSERT INTO documento_vigente (id_documento, codigo_interno, titulo, id_tipo, id_departamento, version_actual, fecha_publicacion, ruta_archivo_descarga, hash_verificacion, estatus, id_usuario_creacion, fecha_creacion, id_empresa) VALUES (128, 'PRO-RH-028', 'Conocer Estilo Efectos', 1, 2, 1, '2026-05-25 14:19:47', 'gridfs://mock-id-128', 'mock-hash-128', TRUE, 7, '2026-05-25 14:19:47', (SELECT id_empresa FROM empresa WHERE slug = 'techcorp')) ON CONFLICT (id_documento) DO NOTHING;
INSERT INTO documento_vigente (id_documento, codigo_interno, titulo, id_tipo, id_departamento, version_actual, fecha_publicacion, ruta_archivo_descarga, hash_verificacion, estatus, id_usuario_creacion, fecha_creacion, id_empresa) VALUES (129, 'PRO-CAL-029', 'Toda Mucha Consumo Poner Dicho', 1, 4, 1, '2026-05-25 14:19:47', 'gridfs://mock-id-129', 'mock-hash-129', FALSE, 7, '2026-05-25 14:19:47', (SELECT id_empresa FROM empresa WHERE slug = 'techcorp')) ON CONFLICT (id_documento) DO NOTHING;
INSERT INTO documento_vigente (id_documento, codigo_interno, titulo, id_tipo, id_departamento, version_actual, fecha_publicacion, ruta_archivo_descarga, hash_verificacion, estatus, id_usuario_creacion, fecha_creacion, id_empresa) VALUES (130, 'PRO-MANT-030', 'Trabajadores Destino Psoe Pedro', 1, 5, 1, '2026-05-25 14:19:47', 'gridfs://mock-id-130', 'mock-hash-130', FALSE, 8, '2026-05-25 14:19:47', (SELECT id_empresa FROM empresa WHERE slug = 'grupoinnovar')) ON CONFLICT (id_documento) DO NOTHING;
INSERT INTO documento_vigente (id_documento, codigo_interno, titulo, id_tipo, id_departamento, version_actual, fecha_publicacion, ruta_archivo_descarga, hash_verificacion, estatus, id_usuario_creacion, fecha_creacion, id_empresa) VALUES (131, 'PRO-CAL-031', 'Mediante Región Situación Principio Resulta', 1, 4, 1, '2026-05-25 14:19:47', 'gridfs://mock-id-131', 'mock-hash-131', TRUE, 6, '2026-05-25 14:19:47', (SELECT id_empresa FROM empresa WHERE slug = 'techcorp')) ON CONFLICT (id_documento) DO NOTHING;
INSERT INTO documento_vigente (id_documento, codigo_interno, titulo, id_tipo, id_departamento, version_actual, fecha_publicacion, ruta_archivo_descarga, hash_verificacion, estatus, id_usuario_creacion, fecha_creacion, id_empresa) VALUES (132, 'PRO-MANT-032', 'Uso Mal Les', 1, 5, 1, '2026-05-25 14:19:47', 'gridfs://mock-id-132', 'mock-hash-132', FALSE, 1, '2026-05-25 14:19:47', (SELECT id_empresa FROM empresa WHERE slug = 'grupoinnovar')) ON CONFLICT (id_documento) DO NOTHING;
INSERT INTO documento_vigente (id_documento, codigo_interno, titulo, id_tipo, id_departamento, version_actual, fecha_publicacion, ruta_archivo_descarga, hash_verificacion, estatus, id_usuario_creacion, fecha_creacion, id_empresa) VALUES (133, 'PRO-PROD-033', 'Chile Sol Humano Pasar Uno', 1, 3, 1, '2026-05-25 14:19:47', 'gridfs://mock-id-133', 'mock-hash-133', FALSE, 1, '2026-05-25 14:19:47', (SELECT id_empresa FROM empresa WHERE slug = 'grupoinnovar')) ON CONFLICT (id_documento) DO NOTHING;
INSERT INTO documento_vigente (id_documento, codigo_interno, titulo, id_tipo, id_departamento, version_actual, fecha_publicacion, ruta_archivo_descarga, hash_verificacion, estatus, id_usuario_creacion, fecha_creacion, id_empresa) VALUES (134, 'PRO-CAL-034', 'Total Espera Serie', 1, 4, 1, '2026-05-25 14:19:47', 'gridfs://mock-id-134', 'mock-hash-134', FALSE, 1, '2026-05-25 14:19:47', (SELECT id_empresa FROM empresa WHERE slug = 'techcorp')) ON CONFLICT (id_documento) DO NOTHING;
INSERT INTO documento_vigente (id_documento, codigo_interno, titulo, id_tipo, id_departamento, version_actual, fecha_publicacion, ruta_archivo_descarga, hash_verificacion, estatus, id_usuario_creacion, fecha_creacion, id_empresa) VALUES (135, 'PRO-MANT-035', 'Cuyo Algún Baja Hospital Grande Nombre', 1, 5, 1, '2026-05-25 14:19:47', 'gridfs://mock-id-135', 'mock-hash-135', FALSE, 3, '2026-05-25 14:19:47', (SELECT id_empresa FROM empresa WHERE slug = 'grupoinnovar')) ON CONFLICT (id_documento) DO NOTHING;
INSERT INTO documento_vigente (id_documento, codigo_interno, titulo, id_tipo, id_departamento, version_actual, fecha_publicacion, ruta_archivo_descarga, hash_verificacion, estatus, id_usuario_creacion, fecha_creacion, id_empresa) VALUES (136, 'PRO-MANT-036', 'Primeras Lejos Contra Usted Madre', 1, 5, 1, '2026-05-25 14:19:47', 'gridfs://mock-id-136', 'mock-hash-136', TRUE, 1, '2026-05-25 14:19:47', (SELECT id_empresa FROM empresa WHERE slug = 'grupoinnovar')) ON CONFLICT (id_documento) DO NOTHING;
INSERT INTO documento_vigente (id_documento, codigo_interno, titulo, id_tipo, id_departamento, version_actual, fecha_publicacion, ruta_archivo_descarga, hash_verificacion, estatus, id_usuario_creacion, fecha_creacion, id_empresa) VALUES (137, 'PRO-MANT-037', 'Martín Dado Plazo Peor', 1, 5, 1, '2026-05-25 14:19:47', 'gridfs://mock-id-137', 'mock-hash-137', TRUE, 2, '2026-05-25 14:19:47', (SELECT id_empresa FROM empresa WHERE slug = 'grupoinnovar')) ON CONFLICT (id_documento) DO NOTHING;
INSERT INTO documento_vigente (id_documento, codigo_interno, titulo, id_tipo, id_departamento, version_actual, fecha_publicacion, ruta_archivo_descarga, hash_verificacion, estatus, id_usuario_creacion, fecha_creacion, id_empresa) VALUES (138, 'PRO-RH-038', 'Debido G Hijo Le', 1, 2, 1, '2026-05-25 14:19:47', 'gridfs://mock-id-138', 'mock-hash-138', FALSE, 8, '2026-05-25 14:19:47', (SELECT id_empresa FROM empresa WHERE slug = 'techcorp')) ON CONFLICT (id_documento) DO NOTHING;
INSERT INTO documento_vigente (id_documento, codigo_interno, titulo, id_tipo, id_departamento, version_actual, fecha_publicacion, ruta_archivo_descarga, hash_verificacion, estatus, id_usuario_creacion, fecha_creacion, id_empresa) VALUES (139, 'PRO-PROD-039', 'Otra Sabía Mantener Habla', 1, 3, 1, '2026-05-25 14:19:47', 'gridfs://mock-id-139', 'mock-hash-139', FALSE, 4, '2026-05-25 14:19:47', (SELECT id_empresa FROM empresa WHERE slug = 'grupoinnovar')) ON CONFLICT (id_documento) DO NOTHING;
INSERT INTO documento_vigente (id_documento, codigo_interno, titulo, id_tipo, id_departamento, version_actual, fecha_publicacion, ruta_archivo_descarga, hash_verificacion, estatus, id_usuario_creacion, fecha_creacion, id_empresa) VALUES (140, 'PRO-RH-040', 'Permite U Hasta', 1, 2, 1, '2026-05-25 14:19:47', 'gridfs://mock-id-140', 'mock-hash-140', TRUE, 4, '2026-05-25 14:19:47', (SELECT id_empresa FROM empresa WHERE slug = 'techcorp')) ON CONFLICT (id_documento) DO NOTHING;
INSERT INTO documento_vigente (id_documento, codigo_interno, titulo, id_tipo, id_departamento, version_actual, fecha_publicacion, ruta_archivo_descarga, hash_verificacion, estatus, id_usuario_creacion, fecha_creacion, id_empresa) VALUES (141, 'PRO-RH-041', 'Productos Esas Debía Puede Pues Objetivo', 1, 2, 1, '2026-05-25 14:19:47', 'gridfs://mock-id-141', 'mock-hash-141', TRUE, 9, '2026-05-25 14:19:47', (SELECT id_empresa FROM empresa WHERE slug = 'techcorp')) ON CONFLICT (id_documento) DO NOTHING;
INSERT INTO documento_vigente (id_documento, codigo_interno, titulo, id_tipo, id_departamento, version_actual, fecha_publicacion, ruta_archivo_descarga, hash_verificacion, estatus, id_usuario_creacion, fecha_creacion, id_empresa) VALUES (142, 'PRO-CAL-042', 'Idea Quedó Imágenes Luego Suerte', 1, 4, 1, '2026-05-25 14:19:47', 'gridfs://mock-id-142', 'mock-hash-142', TRUE, 1, '2026-05-25 14:19:47', (SELECT id_empresa FROM empresa WHERE slug = 'techcorp')) ON CONFLICT (id_documento) DO NOTHING;
INSERT INTO documento_vigente (id_documento, codigo_interno, titulo, id_tipo, id_departamento, version_actual, fecha_publicacion, ruta_archivo_descarga, hash_verificacion, estatus, id_usuario_creacion, fecha_creacion, id_empresa) VALUES (143, 'PRO-RH-043', 'Español Entonces Cual Análisis Derechos Debido', 1, 2, 1, '2026-05-25 14:19:47', 'gridfs://mock-id-143', 'mock-hash-143', TRUE, 9, '2026-05-25 14:19:47', (SELECT id_empresa FROM empresa WHERE slug = 'techcorp')) ON CONFLICT (id_documento) DO NOTHING;
INSERT INTO documento_vigente (id_documento, codigo_interno, titulo, id_tipo, id_departamento, version_actual, fecha_publicacion, ruta_archivo_descarga, hash_verificacion, estatus, id_usuario_creacion, fecha_creacion, id_empresa) VALUES (144, 'PRO-CAL-044', 'Esos Habrá Espacio Ser Mes', 1, 4, 1, '2026-05-25 14:19:47', 'gridfs://mock-id-144', 'mock-hash-144', TRUE, 2, '2026-05-25 14:19:47', (SELECT id_empresa FROM empresa WHERE slug = 'techcorp')) ON CONFLICT (id_documento) DO NOTHING;
INSERT INTO documento_vigente (id_documento, codigo_interno, titulo, id_tipo, id_departamento, version_actual, fecha_publicacion, ruta_archivo_descarga, hash_verificacion, estatus, id_usuario_creacion, fecha_creacion, id_empresa) VALUES (145, 'PRO-MANT-045', 'Resultado Ya Muerte', 1, 5, 1, '2026-05-25 14:19:47', 'gridfs://mock-id-145', 'mock-hash-145', TRUE, 3, '2026-05-25 14:19:47', (SELECT id_empresa FROM empresa WHERE slug = 'grupoinnovar')) ON CONFLICT (id_documento) DO NOTHING;
INSERT INTO documento_vigente (id_documento, codigo_interno, titulo, id_tipo, id_departamento, version_actual, fecha_publicacion, ruta_archivo_descarga, hash_verificacion, estatus, id_usuario_creacion, fecha_creacion, id_empresa) VALUES (146, 'PRO-RH-046', 'Autor Pasó Torno', 1, 2, 1, '2026-05-25 14:19:47', 'gridfs://mock-id-146', 'mock-hash-146', TRUE, 1, '2026-05-25 14:19:47', (SELECT id_empresa FROM empresa WHERE slug = 'techcorp')) ON CONFLICT (id_documento) DO NOTHING;
INSERT INTO documento_vigente (id_documento, codigo_interno, titulo, id_tipo, id_departamento, version_actual, fecha_publicacion, ruta_archivo_descarga, hash_verificacion, estatus, id_usuario_creacion, fecha_creacion, id_empresa) VALUES (147, 'PRO-PROD-047', 'Encima Ambos Etc Defensa', 1, 3, 1, '2026-05-25 14:19:47', 'gridfs://mock-id-147', 'mock-hash-147', TRUE, 1, '2026-05-25 14:19:47', (SELECT id_empresa FROM empresa WHERE slug = 'grupoinnovar')) ON CONFLICT (id_documento) DO NOTHING;
INSERT INTO documento_vigente (id_documento, codigo_interno, titulo, id_tipo, id_departamento, version_actual, fecha_publicacion, ruta_archivo_descarga, hash_verificacion, estatus, id_usuario_creacion, fecha_creacion, id_empresa) VALUES (148, 'PRO-CAL-048', 'Posibilidad Proyectos Quiero Fecha Humanos Puerta', 1, 4, 1, '2026-05-25 14:19:47', 'gridfs://mock-id-148', 'mock-hash-148', TRUE, 5, '2026-05-25 14:19:47', (SELECT id_empresa FROM empresa WHERE slug = 'techcorp')) ON CONFLICT (id_documento) DO NOTHING;
INSERT INTO documento_vigente (id_documento, codigo_interno, titulo, id_tipo, id_departamento, version_actual, fecha_publicacion, ruta_archivo_descarga, hash_verificacion, estatus, id_usuario_creacion, fecha_creacion, id_empresa) VALUES (149, 'PRO-MANT-049', 'Luz Corazón Ideas Tampoco París Social', 1, 5, 1, '2026-05-25 14:19:47', 'gridfs://mock-id-149', 'mock-hash-149', TRUE, 10, '2026-05-25 14:19:47', (SELECT id_empresa FROM empresa WHERE slug = 'grupoinnovar')) ON CONFLICT (id_documento) DO NOTHING;
INSERT INTO documento_vigente (id_documento, codigo_interno, titulo, id_tipo, id_departamento, version_actual, fecha_publicacion, ruta_archivo_descarga, hash_verificacion, estatus, id_usuario_creacion, fecha_creacion, id_empresa) VALUES (150, 'PRO-PROD-050', 'Años Destino Tres Da Gran', 1, 3, 1, '2026-05-25 14:19:47', 'gridfs://mock-id-150', 'mock-hash-150', FALSE, 5, '2026-05-25 14:19:47', (SELECT id_empresa FROM empresa WHERE slug = 'grupoinnovar')) ON CONFLICT (id_documento) DO NOTHING;

-- Insertar estadísticas iniciales
INSERT INTO estadistica_documento (id_documento, total_vistas, ultima_consulta, estatus, id_usuario_creacion, fecha_creacion) VALUES (101, 38, '2026-05-25 14:19:47', TRUE, 7, '2026-05-25 14:19:47') ON CONFLICT (id_documento) DO NOTHING;
INSERT INTO estadistica_documento (id_documento, total_vistas, ultima_consulta, estatus, id_usuario_creacion, fecha_creacion) VALUES (102, 16, '2026-05-25 14:19:47', TRUE, 2, '2026-05-25 14:19:47') ON CONFLICT (id_documento) DO NOTHING;
INSERT INTO estadistica_documento (id_documento, total_vistas, ultima_consulta, estatus, id_usuario_creacion, fecha_creacion) VALUES (103, 80, '2026-05-25 14:19:47', TRUE, 6, '2026-05-25 14:19:47') ON CONFLICT (id_documento) DO NOTHING;
INSERT INTO estadistica_documento (id_documento, total_vistas, ultima_consulta, estatus, id_usuario_creacion, fecha_creacion) VALUES (104, 72, '2026-05-25 14:19:47', TRUE, 3, '2026-05-25 14:19:47') ON CONFLICT (id_documento) DO NOTHING;
INSERT INTO estadistica_documento (id_documento, total_vistas, ultima_consulta, estatus, id_usuario_creacion, fecha_creacion) VALUES (105, 67, '2026-05-25 14:19:47', FALSE, 3, '2026-05-25 14:19:47') ON CONFLICT (id_documento) DO NOTHING;
INSERT INTO estadistica_documento (id_documento, total_vistas, ultima_consulta, estatus, id_usuario_creacion, fecha_creacion) VALUES (106, 45, '2026-05-25 14:19:47', TRUE, 9, '2026-05-25 14:19:47') ON CONFLICT (id_documento) DO NOTHING;
INSERT INTO estadistica_documento (id_documento, total_vistas, ultima_consulta, estatus, id_usuario_creacion, fecha_creacion) VALUES (107, 36, '2026-05-25 14:19:47', FALSE, 7, '2026-05-25 14:19:47') ON CONFLICT (id_documento) DO NOTHING;
INSERT INTO estadistica_documento (id_documento, total_vistas, ultima_consulta, estatus, id_usuario_creacion, fecha_creacion) VALUES (108, 149, '2026-05-25 14:19:47', TRUE, 10, '2026-05-25 14:19:47') ON CONFLICT (id_documento) DO NOTHING;
INSERT INTO estadistica_documento (id_documento, total_vistas, ultima_consulta, estatus, id_usuario_creacion, fecha_creacion) VALUES (109, 32, '2026-05-25 14:19:47', TRUE, 3, '2026-05-25 14:19:47') ON CONFLICT (id_documento) DO NOTHING;
INSERT INTO estadistica_documento (id_documento, total_vistas, ultima_consulta, estatus, id_usuario_creacion, fecha_creacion) VALUES (110, 118, '2026-05-25 14:19:47', TRUE, 10, '2026-05-25 14:19:47') ON CONFLICT (id_documento) DO NOTHING;
INSERT INTO estadistica_documento (id_documento, total_vistas, ultima_consulta, estatus, id_usuario_creacion, fecha_creacion) VALUES (111, 18, '2026-05-25 14:19:47', FALSE, 8, '2026-05-25 14:19:47') ON CONFLICT (id_documento) DO NOTHING;
INSERT INTO estadistica_documento (id_documento, total_vistas, ultima_consulta, estatus, id_usuario_creacion, fecha_creacion) VALUES (112, 17, '2026-05-25 14:19:47', FALSE, 3, '2026-05-25 14:19:47') ON CONFLICT (id_documento) DO NOTHING;
INSERT INTO estadistica_documento (id_documento, total_vistas, ultima_consulta, estatus, id_usuario_creacion, fecha_creacion) VALUES (113, 33, '2026-05-25 14:19:47', TRUE, 4, '2026-05-25 14:19:47') ON CONFLICT (id_documento) DO NOTHING;
INSERT INTO estadistica_documento (id_documento, total_vistas, ultima_consulta, estatus, id_usuario_creacion, fecha_creacion) VALUES (114, 65, '2026-05-25 14:19:47', FALSE, 8, '2026-05-25 14:19:47') ON CONFLICT (id_documento) DO NOTHING;
INSERT INTO estadistica_documento (id_documento, total_vistas, ultima_consulta, estatus, id_usuario_creacion, fecha_creacion) VALUES (115, 69, '2026-05-25 14:19:47', TRUE, 4, '2026-05-25 14:19:47') ON CONFLICT (id_documento) DO NOTHING;
INSERT INTO estadistica_documento (id_documento, total_vistas, ultima_consulta, estatus, id_usuario_creacion, fecha_creacion) VALUES (116, 139, '2026-05-25 14:19:47', FALSE, 9, '2026-05-25 14:19:47') ON CONFLICT (id_documento) DO NOTHING;
INSERT INTO estadistica_documento (id_documento, total_vistas, ultima_consulta, estatus, id_usuario_creacion, fecha_creacion) VALUES (117, 16, '2026-05-25 14:19:47', FALSE, 2, '2026-05-25 14:19:47') ON CONFLICT (id_documento) DO NOTHING;
INSERT INTO estadistica_documento (id_documento, total_vistas, ultima_consulta, estatus, id_usuario_creacion, fecha_creacion) VALUES (118, 60, '2026-05-25 14:19:47', TRUE, 2, '2026-05-25 14:19:47') ON CONFLICT (id_documento) DO NOTHING;
INSERT INTO estadistica_documento (id_documento, total_vistas, ultima_consulta, estatus, id_usuario_creacion, fecha_creacion) VALUES (119, 149, '2026-05-25 14:19:47', FALSE, 7, '2026-05-25 14:19:47') ON CONFLICT (id_documento) DO NOTHING;
INSERT INTO estadistica_documento (id_documento, total_vistas, ultima_consulta, estatus, id_usuario_creacion, fecha_creacion) VALUES (120, 117, '2026-05-25 14:19:47', TRUE, 9, '2026-05-25 14:19:47') ON CONFLICT (id_documento) DO NOTHING;
INSERT INTO estadistica_documento (id_documento, total_vistas, ultima_consulta, estatus, id_usuario_creacion, fecha_creacion) VALUES (121, 66, '2026-05-25 14:19:47', TRUE, 1, '2026-05-25 14:19:47') ON CONFLICT (id_documento) DO NOTHING;
INSERT INTO estadistica_documento (id_documento, total_vistas, ultima_consulta, estatus, id_usuario_creacion, fecha_creacion) VALUES (122, 124, '2026-05-25 14:19:47', TRUE, 1, '2026-05-25 14:19:47') ON CONFLICT (id_documento) DO NOTHING;
INSERT INTO estadistica_documento (id_documento, total_vistas, ultima_consulta, estatus, id_usuario_creacion, fecha_creacion) VALUES (123, 81, '2026-05-25 14:19:47', TRUE, 9, '2026-05-25 14:19:47') ON CONFLICT (id_documento) DO NOTHING;
INSERT INTO estadistica_documento (id_documento, total_vistas, ultima_consulta, estatus, id_usuario_creacion, fecha_creacion) VALUES (124, 11, '2026-05-25 14:19:47', TRUE, 4, '2026-05-25 14:19:47') ON CONFLICT (id_documento) DO NOTHING;
INSERT INTO estadistica_documento (id_documento, total_vistas, ultima_consulta, estatus, id_usuario_creacion, fecha_creacion) VALUES (125, 50, '2026-05-25 14:19:47', TRUE, 7, '2026-05-25 14:19:47') ON CONFLICT (id_documento) DO NOTHING;
INSERT INTO estadistica_documento (id_documento, total_vistas, ultima_consulta, estatus, id_usuario_creacion, fecha_creacion) VALUES (126, 118, '2026-05-25 14:19:47', TRUE, 10, '2026-05-25 14:19:47') ON CONFLICT (id_documento) DO NOTHING;
INSERT INTO estadistica_documento (id_documento, total_vistas, ultima_consulta, estatus, id_usuario_creacion, fecha_creacion) VALUES (127, 97, '2026-05-25 14:19:47', FALSE, 7, '2026-05-25 14:19:47') ON CONFLICT (id_documento) DO NOTHING;
INSERT INTO estadistica_documento (id_documento, total_vistas, ultima_consulta, estatus, id_usuario_creacion, fecha_creacion) VALUES (128, 81, '2026-05-25 14:19:47', TRUE, 7, '2026-05-25 14:19:47') ON CONFLICT (id_documento) DO NOTHING;
INSERT INTO estadistica_documento (id_documento, total_vistas, ultima_consulta, estatus, id_usuario_creacion, fecha_creacion) VALUES (129, 49, '2026-05-25 14:19:47', FALSE, 7, '2026-05-25 14:19:47') ON CONFLICT (id_documento) DO NOTHING;
INSERT INTO estadistica_documento (id_documento, total_vistas, ultima_consulta, estatus, id_usuario_creacion, fecha_creacion) VALUES (130, 65, '2026-05-25 14:19:47', FALSE, 8, '2026-05-25 14:19:47') ON CONFLICT (id_documento) DO NOTHING;
INSERT INTO estadistica_documento (id_documento, total_vistas, ultima_consulta, estatus, id_usuario_creacion, fecha_creacion) VALUES (131, 96, '2026-05-25 14:19:47', TRUE, 6, '2026-05-25 14:19:47') ON CONFLICT (id_documento) DO NOTHING;
INSERT INTO estadistica_documento (id_documento, total_vistas, ultima_consulta, estatus, id_usuario_creacion, fecha_creacion) VALUES (132, 36, '2026-05-25 14:19:47', FALSE, 1, '2026-05-25 14:19:47') ON CONFLICT (id_documento) DO NOTHING;
INSERT INTO estadistica_documento (id_documento, total_vistas, ultima_consulta, estatus, id_usuario_creacion, fecha_creacion) VALUES (133, 33, '2026-05-25 14:19:47', FALSE, 1, '2026-05-25 14:19:47') ON CONFLICT (id_documento) DO NOTHING;
INSERT INTO estadistica_documento (id_documento, total_vistas, ultima_consulta, estatus, id_usuario_creacion, fecha_creacion) VALUES (134, 107, '2026-05-25 14:19:47', FALSE, 1, '2026-05-25 14:19:47') ON CONFLICT (id_documento) DO NOTHING;
INSERT INTO estadistica_documento (id_documento, total_vistas, ultima_consulta, estatus, id_usuario_creacion, fecha_creacion) VALUES (135, 34, '2026-05-25 14:19:47', FALSE, 3, '2026-05-25 14:19:47') ON CONFLICT (id_documento) DO NOTHING;
INSERT INTO estadistica_documento (id_documento, total_vistas, ultima_consulta, estatus, id_usuario_creacion, fecha_creacion) VALUES (136, 101, '2026-05-25 14:19:47', TRUE, 1, '2026-05-25 14:19:47') ON CONFLICT (id_documento) DO NOTHING;
INSERT INTO estadistica_documento (id_documento, total_vistas, ultima_consulta, estatus, id_usuario_creacion, fecha_creacion) VALUES (137, 98, '2026-05-25 14:19:47', TRUE, 2, '2026-05-25 14:19:47') ON CONFLICT (id_documento) DO NOTHING;
INSERT INTO estadistica_documento (id_documento, total_vistas, ultima_consulta, estatus, id_usuario_creacion, fecha_creacion) VALUES (138, 77, '2026-05-25 14:19:47', FALSE, 8, '2026-05-25 14:19:47') ON CONFLICT (id_documento) DO NOTHING;
INSERT INTO estadistica_documento (id_documento, total_vistas, ultima_consulta, estatus, id_usuario_creacion, fecha_creacion) VALUES (139, 21, '2026-05-25 14:19:47', FALSE, 4, '2026-05-25 14:19:47') ON CONFLICT (id_documento) DO NOTHING;
INSERT INTO estadistica_documento (id_documento, total_vistas, ultima_consulta, estatus, id_usuario_creacion, fecha_creacion) VALUES (140, 127, '2026-05-25 14:19:47', TRUE, 4, '2026-05-25 14:19:47') ON CONFLICT (id_documento) DO NOTHING;
INSERT INTO estadistica_documento (id_documento, total_vistas, ultima_consulta, estatus, id_usuario_creacion, fecha_creacion) VALUES (141, 147, '2026-05-25 14:19:47', TRUE, 9, '2026-05-25 14:19:47') ON CONFLICT (id_documento) DO NOTHING;
INSERT INTO estadistica_documento (id_documento, total_vistas, ultima_consulta, estatus, id_usuario_creacion, fecha_creacion) VALUES (142, 41, '2026-05-25 14:19:47', TRUE, 1, '2026-05-25 14:19:47') ON CONFLICT (id_documento) DO NOTHING;
INSERT INTO estadistica_documento (id_documento, total_vistas, ultima_consulta, estatus, id_usuario_creacion, fecha_creacion) VALUES (143, 106, '2026-05-25 14:19:47', TRUE, 9, '2026-05-25 14:19:47') ON CONFLICT (id_documento) DO NOTHING;
INSERT INTO estadistica_documento (id_documento, total_vistas, ultima_consulta, estatus, id_usuario_creacion, fecha_creacion) VALUES (144, 30, '2026-05-25 14:19:47', TRUE, 2, '2026-05-25 14:19:47') ON CONFLICT (id_documento) DO NOTHING;
INSERT INTO estadistica_documento (id_documento, total_vistas, ultima_consulta, estatus, id_usuario_creacion, fecha_creacion) VALUES (145, 85, '2026-05-25 14:19:47', TRUE, 3, '2026-05-25 14:19:47') ON CONFLICT (id_documento) DO NOTHING;
INSERT INTO estadistica_documento (id_documento, total_vistas, ultima_consulta, estatus, id_usuario_creacion, fecha_creacion) VALUES (146, 102, '2026-05-25 14:19:47', TRUE, 1, '2026-05-25 14:19:47') ON CONFLICT (id_documento) DO NOTHING;
INSERT INTO estadistica_documento (id_documento, total_vistas, ultima_consulta, estatus, id_usuario_creacion, fecha_creacion) VALUES (147, 59, '2026-05-25 14:19:47', TRUE, 1, '2026-05-25 14:19:47') ON CONFLICT (id_documento) DO NOTHING;
INSERT INTO estadistica_documento (id_documento, total_vistas, ultima_consulta, estatus, id_usuario_creacion, fecha_creacion) VALUES (148, 27, '2026-05-25 14:19:47', TRUE, 5, '2026-05-25 14:19:47') ON CONFLICT (id_documento) DO NOTHING;
INSERT INTO estadistica_documento (id_documento, total_vistas, ultima_consulta, estatus, id_usuario_creacion, fecha_creacion) VALUES (149, 21, '2026-05-25 14:19:47', TRUE, 10, '2026-05-25 14:19:47') ON CONFLICT (id_documento) DO NOTHING;
INSERT INTO estadistica_documento (id_documento, total_vistas, ultima_consulta, estatus, id_usuario_creacion, fecha_creacion) VALUES (150, 68, '2026-05-25 14:19:47', FALSE, 5, '2026-05-25 14:19:47') ON CONFLICT (id_documento) DO NOTHING;

-- Resumen de inserción
DO $$
DECLARE
    total_docs    INT;
    total_users   INT;
BEGIN
    SELECT COUNT(*) INTO total_docs FROM documento_vigente WHERE id_documento >= 101;
    SELECT COUNT(*) INTO total_users FROM usuario;
    RAISE NOTICE '============================================';
    RAISE NOTICE '  SEED DATA POR POSTGRESQL APLICADO';
    RAISE NOTICE '  Documentos semilla >= 101 : %', total_docs;
    RAISE NOTICE '  Total usuarios registrados: %', total_users;
    RAISE NOTICE '============================================';
END $$;
